assay_class_id,l1,l2,l3,text_pattern_match,assay_source,notes,mesh_indication,ind_phenotype_cmpd,ind_phenotype_cmpd_chemblid,pos_control_cmpd,pos_control_cmpd_chemblid
,ALIMENTARY TRACT AND METABOLISM,Anti-Obesity Activity,Computer-Assisted Measurement of Food Consumption in Rats Anorectic Activity,,Vogel_2008,,,,,,
,ALIMENTARY TRACT AND METABOLISM,Anti-Obesity Activity,Food Consumption in Rats Anorectic Activity,Food\W?Intake|Food\W?Consump|Food\W?Uptake|Feeding.*Model,Vogel_2008,,OBESITY|NUTRITION DISORDERS,,,,
,ALIMENTARY TRACT AND METABOLISM,Anti-Obesity Activity,General Anti-Obesity activity,Obes,phenotype,,OBESITY|NUTRITION DISORDERS,,,,
,ALIMENTARY TRACT AND METABOLISM,Anti-Obesity Activity,Resting Metabolic Rate Anti-Obesity,,Vogel_2008,,,,,,
,ALIMENTARY TRACT AND METABOLISM,Experimental Diabetes Mellitus,Alloxan Induced Diabetes,Alloxan,Vogel_2008,,"DIABETES MELLITUS|DIABETES MELLITUS, TYPE 2|DIABETES MELLITUS, TYPE 1",,,,
,ALIMENTARY TRACT AND METABOLISM,Experimental Diabetes Mellitus,Corticosteroid Induced Diabetes,Diabet.*Corti|Corti.*Diabet,Vogel_2008,,"DIABETES MELLITUS|DIABETES MELLITUS, TYPE 2|DIABETES MELLITUS, TYPE 1",,,,
,ALIMENTARY TRACT AND METABOLISM,Experimental Diabetes Mellitus,Streptozotocin Induced Diabetes,Streptozotocin|STZ,Vogel_2008,,"DIABETES MELLITUS|DIABETES MELLITUS, TYPE 2|DIABETES MELLITUS, TYPE 1",,,,
,ALIMENTARY TRACT AND METABOLISM,Experimental Diabetes Mellitus,Virus Induced Diabetes,,Vogel_2008,,,,,,
,ALIMENTARY TRACT AND METABOLISM,Experimental Obesity,Diet Induced Obesity,Diet.*Obes|Obes.*Food|Food.*Obes|\WDIO\W,Hock_2016,This considers assays for both rat and mouse. DIO is Diet-induced obesity.,OBESITY|NUTRITION DISORDERS,,,,
,ALIMENTARY TRACT AND METABOLISM,Experimental Obesity,Goldthioglucose Induced Obesity,,Vogel_2008,,,,,,
,ALIMENTARY TRACT AND METABOLISM,Experimental Obesity,Hypothalamic Obesity High Fat Diet,,Vogel_2008,,,,,,
,ALIMENTARY TRACT AND METABOLISM,Experimental Obesity,Monosodium Glutamate Induced Obesity Anti-Obesity,Sodium.*Glutamate,Vogel_2008,,OBESITY|NUTRITION DISORDERS,,,,
,ALIMENTARY TRACT AND METABOLISM,Gall Bladder Function,Cholagogic Activity Bile Secretion in Mice,,Vogel_2008,,,,,,
,ALIMENTARY TRACT AND METABOLISM,Gall Bladder Function,Choleretic Activity Bile Secretion in Rats,Bile.*Cannul|Cannul.*Bile,Vogel_2008,,,,,,
,ALIMENTARY TRACT AND METABOLISM,Gall Bladder Function,Chronic Bile Fistula in Rats ,Bile\W?Fistula,Vogel_2008,,,,,,
,ALIMENTARY TRACT AND METABOLISM,Gastric Function,Acid Secretion in Perfused Rat Stomach (Gosh and Schild Rat),Acid\W?Secretion|Gastric\W?Acid,Vogel_2008,,PEPTIC ULCER|DIGESTIVE SYSTEM DISEASES,,,,
,ALIMENTARY TRACT AND METABOLISM,Gastric Function,Assay of Long-Acting Thyroid-Stimulating Factor (LATS) in Mice,,Vogel_2008,,,,,,
,ALIMENTARY TRACT AND METABOLISM,Gastric Function,Chronic Gastric Fistula in Rats,Gastric\W?Fistula,Vogel_2008,,,,,,
,ALIMENTARY TRACT AND METABOLISM,Gastric Function,Ethanol Induced Mucosal Damage in Rats Cytoprotective Activity,Ethanol.*Mucos|Mucos.*Ethanol|EtOH.*Lesion|Lesion.*EtOH|Ethanol.*gastric\W?lesions|gastric\W?lesions.*Ethanol,Vogel_2008,,PEPTIC ULCER|DIGESTIVE SYSTEM DISEASES,ALCOHOL,CHEMBL545,,
,ALIMENTARY TRACT AND METABOLISM,Gastric Function,Gastric Ischemia Reperfusion Injury in Rats,,Vogel_2008,,,,,,
,ALIMENTARY TRACT AND METABOLISM,Gastric Function,Gastric Mucosal Blood Flow,Mucos.*Blood,Vogel_2008,,,,,,
,ALIMENTARY TRACT AND METABOLISM,Gastric Function,Gastrin Activity,Gastrin,Vogel_2008,,,,,,
,ALIMENTARY TRACT AND METABOLISM,Gastric Function,General Gastric Secretion,Gastr.*Secret|Secret.*Gastr,phenotype,,,,,,
,ALIMENTARY TRACT AND METABOLISM,Gastric Function,General Models of Anti-Ulcer Activity,Ulcer,phenotype,,PEPTIC ULCER,,,,
,ALIMENTARY TRACT AND METABOLISM,Gastric Function,Indomethacin Induced Ulcers in Rats,Indomethacin.*Gastr|Gastr.*Indomethacin|Aspirin.*Lesion|Ulcer.*Aspirin|Aspirin.*Ulcer,Hock_2016,,PEPTIC ULCER|DIGESTIVE SYSTEM DISEASES,INDOMETHACIN|ASPIRIN,CHEMBL6|CHEMBL25,,
,ALIMENTARY TRACT AND METABOLISM,Gastric Function,Isolated Gastric Mucosal Preparation,Gastric.*Mucos,Vogel_2008,,,,,,
,ALIMENTARY TRACT AND METABOLISM,Gastric Function,Isolated Rat Stomach,Isolated.*Stomach,Vogel_2008,,,,,,
,ALIMENTARY TRACT AND METABOLISM,Gastric Function,Measurement of Gastric Absorption of Drugs in Rats,,Vogel_2008,,,,,,
,ALIMENTARY TRACT AND METABOLISM,Gastric Function,Measurement of Intragastric Pressure in Rats,Intragastric\W?Pressure,Vogel_2008,,,,,,
,ALIMENTARY TRACT AND METABOLISM,Gastric Function,Pylorus Ligation in Rats SHAY Rat,Pylorus\W?Ligat|Shay,Vogel_2008,,PEPTIC ULCER|DIGESTIVE SYSTEM DISEASES,,,,
,ALIMENTARY TRACT AND METABOLISM,Gastric Function,Subacute Gastric Ulcer in Rats,,Vogel_2008,,,,,,
,ALIMENTARY TRACT AND METABOLISM,Genetically Diabetic Animals,"Spontaneously Diabetic Mice: KK Mouse, KK-AY Mouse, NOD Mouse, Obese Hyperglycemic Mice, Diabetic db/db Mice, Diabetes Obesity Syndrome in CBA/Ca Mice, Wellesley Mouse",KK\W?m|KK\W?AY|\WNOD\W|db\W?db,Vogel_2008,,"DIABETES MELLITUS|DIABETES MELLITUS, TYPE 2|DIABETES MELLITUS, TYPE 1",,,,
,ALIMENTARY TRACT AND METABOLISM,Genetically Diabetic Animals,"Spontaneously Diabetic Rats: BB Rat, WBN/Kob Rat, Cohen Diabetic Rat, Goto-Kakizaki Rat, Zucker-Fatty Rat, Zucker Diabetic Fatty Rat Zdf/Drt-Fa, Wdf/Ta-Fa Rat, OLETF Rat, ESS-Rat, Obese SHR Rat, SHR/N-cp Rat, BHE Rat, LEW.1AR1/Ztm-iddm RAT",Goto\W?Kakizaki|Zucker|fa/fa|ZDF|Wistar\W?fatty,Vogel_2008,,"DIABETES MELLITUS|DIABETES MELLITUS, TYPE 2|DIABETES MELLITUS, TYPE 1",,,,
,ALIMENTARY TRACT AND METABOLISM,Genetically Obese Animals,"Spontaneously Obese Mice: Yellow Obese Mouse AYA, KK-AY Mouse, Obese Hyperglycemic (ob/ob) mice, BL/6 Obese Mice, NZO Mouse, Diabetes Obesity Syndrome in CBA/CA Mice, FAT/FAT Mice, Tubby Mice",KK\W?AY|ob\W?ob,Vogel_2008,Note that BL/6 is the same as the C5BL/6J mouse strain,OBESITY|NUTRITION DISORDERS,,,,
,ALIMENTARY TRACT AND METABOLISM,Genetically Obese Animals,"Spontaneously Obese Rats: WBN/KOB Rat, Zucker-Fatty Rat, WDF/TA-FA Rat, OLETF Rat, Obese SHR Rat, JCR:LA-Corpulent Rat, Growth Hormone Deficient Dwarf Rat",Zucker|fa/fa|Wistar\W?fatty,Vogel_2008,,OBESITY|NUTRITION DISORDERS,,,,
,ALIMENTARY TRACT AND METABOLISM,Intestinal Function,Anti-Diarrheal Effect in Cecectomized Rats,,Vogel_2008,,,,,,
,ALIMENTARY TRACT AND METABOLISM,Intestinal Function,Castor Oil Induced Diarrhea,Cast[oe]r.*Diarrh,Vogel_2008,,DIARRHEA,,,,
,ALIMENTARY TRACT AND METABOLISM,Intestinal Function,Colon Motility in Anesthetized Rats,Carbachol.*Gastr|Carbachol.*Colon,Vogel_2008,,,,,,
,ALIMENTARY TRACT AND METABOLISM,Intestinal Function,Continuous Recording of Electrical and Mechanical Activity in the Gut of the Conscious Rat,,Vogel_2008,,,,,,
,ALIMENTARY TRACT AND METABOLISM,Intestinal Function,Cysteamine Induced Duodenal Ulcers in Rats,,Vogel_2008,,,,,,
,ALIMENTARY TRACT AND METABOLISM,Intestinal Function,Enteropooling Test,,Vogel_2008,,,,,,
,ALIMENTARY TRACT AND METABOLISM,Intestinal Function,Evaluation of Anti-Diarrheal Effect in Cold Restrained Rats,,Vogel_2008,,,,,,
,ALIMENTARY TRACT AND METABOLISM,Intestinal Function,Everted Sac Absorption Technique,Everted|Intestin.*Transport|Transport.*Intestin,Vogel_2008,,,,,,
,ALIMENTARY TRACT AND METABOLISM,Intestinal Function,Experimental Colitis Inflammatory Gut Disease,Colitis,Vogel_2008,,"COLITIS, ULCERATIVE|INFLAMMATORY BOWEL DISEASES|CROHN DISEASE|DIGESTIVE SYSTEM DISEASES",,,,
,ALIMENTARY TRACT AND METABOLISM,Intestinal Function,Experimental Ileitis Inflammatory Gut Disease,,Vogel_2008,,,,,,
,ALIMENTARY TRACT AND METABOLISM,Intestinal Function,General Diarrhea Models,Diarrh,phenotype,,DIARRHEA,,,,
,ALIMENTARY TRACT AND METABOLISM,Intestinal Function,In Vivo Evaluation of Spasmolytic Activity in Rats,,Vogel_2008,,,,,,
,ALIMENTARY TRACT AND METABOLISM,Intestinal Function,Intestinal Drug Absorption,Intest.*Absorption,Vogel_2008,,,,,,
,ALIMENTARY TRACT AND METABOLISM,Intestinal Function,Laxative Activity in Rats,,Vogel_2008,,,,,,
,ALIMENTARY TRACT AND METABOLISM,Intestinal Function,Propulsive Gut Motility in Mice,Charcoal,Vogel_2008,,,,,,
,ALIMENTARY TRACT AND METABOLISM,Intestinal Function,Stomach Emptying and Intestinal Absorption in Rats,Emptying,Vogel_2008,,,,,,
,ALIMENTARY TRACT AND METABOLISM,Liver Function,Allyl Alcohol Induced Liver Necrosis in Rats,,Vogel_2008,,,,,,
,ALIMENTARY TRACT AND METABOLISM,Liver Function,Bile Duct Ligation Induced Liver Fibrosis in Rats,,Vogel_2008,,,,,,
,ALIMENTARY TRACT AND METABOLISM,Liver Function,Carbon tetrachloride CCl4 Induced Liver Fibrosis in Rats,Carbon\W?tetra\W?chloride|CCl4,Vogel_2008,,LIVER CIRRHOSIS|LIVER DISEASES,,,,
,ALIMENTARY TRACT AND METABOLISM,Liver Function,Galactosamine Induced Liver Necrosis,Liver.*Necro|Necro.*Liver|Hepat.*Necro|Necro.*Hepat,Vogel_2008,This reference assay includes other compounds that induce liver necrosis.,LIVER CIRRHOSIS|LIVER DISEASES,,,,
,ALIMENTARY TRACT AND METABOLISM,Liver Function,General Models of Drug Induced Liver Injury,liver\W?injury|hepatic\W?injury,phenotype,,LIVER DISEASES,,,,
,ALIMENTARY TRACT AND METABOLISM,Liver Function,General Models of Hepatotoxic and Hepatoprotective Activity,Hepatotoxic|Hepatoprotect,phenotype,,LIVER DISEASES,,,,
,ALIMENTARY TRACT AND METABOLISM,Liver Function,Hepatitis in Long Evans Cinnamon Rats,,Vogel_2008,,,,,,
,ALIMENTARY TRACT AND METABOLISM,Liver Function,Liver Fibrosis Induced by Schistosome Cercariae,,Vogel_2008,,,,,,
,ALIMENTARY TRACT AND METABOLISM,Liver Function,Temporary Hepatic Ischemia,,Vogel_2008,,,,,,
,ALIMENTARY TRACT AND METABOLISM,Measurement of Blood Glucose-Lowering and Antidiabetic Activity,Anti-Diabetic Effects of Liver X Receptor Agonists,glucose\W?tolerance|glucose\W?challenge,Vogel_2008,Check with expert! It this search term (for glucose tolerance test) correct for non-hepatic glucose production?,"DIABETES MELLITUS|DIABETES MELLITUS, TYPE 2|DIABETES MELLITUS, TYPE 1",,,,
,ALIMENTARY TRACT AND METABOLISM,Measurement of Blood Glucose-Lowering and Antidiabetic Activity,Blood Glucose Lowering Effect,Blood\W?Glucose|Plasma\W?Glucose,Vogel_2008,Rat and Mouse assays considered together.,HYPOGLYCEMIA,,,,
,ALIMENTARY TRACT AND METABOLISM,Measurement of Blood Glucose-Lowering and Antidiabetic Activity,Effects of Insulin Sensitizer Drugs,NIDDM,Vogel_2008,,"DIABETES MELLITUS|DIABETES MELLITUS, TYPE 2",,,,
,ALIMENTARY TRACT AND METABOLISM,Measurement of Blood Glucose-Lowering and Antidiabetic Activity,Euglycemic Clamp Technique,Euglycem.*Clamp,Vogel_2008,,"DIABETES MELLITUS|DIABETES MELLITUS, TYPE 2|DIABETES MELLITUS, TYPE 1",,,,
,ALIMENTARY TRACT AND METABOLISM,Measurement of Blood Glucose-Lowering and Antidiabetic Activity,General Anti-Diabetic Activity,Diabet,phenotype,,"DIABETES MELLITUS|DIABETES MELLITUS, TYPE 2|DIABETES MELLITUS, TYPE 1",,,,
,ALIMENTARY TRACT AND METABOLISM,Measurement of Blood Glucose-Lowering and Antidiabetic Activity,General Anti-Hyperglycemic Activity,Anti\W?hyperglycem,phenotype,,HYPERGLYCEMIA,,,,
,ALIMENTARY TRACT AND METABOLISM,Measurement of Blood Glucose-Lowering and Antidiabetic Activity,Hypoglycemic Seizures in Mice,,Vogel_2008,,,,,,
,ALIMENTARY TRACT AND METABOLISM,Measurement of Glucose Absorption,Evaluation of Glucose Absorption In Vivo,Starch.*Glucose|Glucose.*Starch,Vogel_2008,,,,,,
,ALIMENTARY TRACT AND METABOLISM,Monitoring of Diabetic Late Complications,Electroretinogram,Diabet.*Neuro,Vogel_2008,,,,,,
,ALIMENTARY TRACT AND METABOLISM,Monitoring of Diabetic Late Complications,Naphthalene Induced Cataract,,Vogel_2008,,,,,,
,ALIMENTARY TRACT AND METABOLISM,Monitoring of Diabetic Late Complications,Nerve Blood Flow Doppler Flux,,Vogel_2008,,,,,,
,ALIMENTARY TRACT AND METABOLISM,Monitoring of Diabetic Late Complications,Nerve Conduction Velocity Aldose Reductase Inhibitors,,Vogel_2008,,,,,,
,ALIMENTARY TRACT AND METABOLISM,Monitoring of Diabetic Late Complications,Streptozotocin Induced Cataract,,Vogel_2008,,,,,,
,ALIMENTARY TRACT AND METABOLISM,Pancreatic Function,Acute Experimental Pancreatitis,Pancreatitis,Vogel_2008,,PANCREATITIS|DIGESTIVE SYSTEM DISEASES,,,,
,ALIMENTARY TRACT AND METABOLISM,Pancreatic Function,Acute Pancreatic Fistula in Rats,,Vogel_2008,,,,,,
,ALIMENTARY TRACT AND METABOLISM,Pancreatic Function,Chronic Pancreatic Fistula in Rats,,Vogel_2008,,,,,,
,ALIMENTARY TRACT AND METABOLISM,Pancreatic Function,Chronic Pancreatitis,Chronic.*Pancreatitis,Vogel_2008,,"PANCREATITIS|PANCREATITIS, CHRONIC|DIGESTIVE SYSTEM DISEASES",,,,
,ALIMENTARY TRACT AND METABOLISM,Pancreatic Function,Exocrine Secretion of Isolated Pancreas,,Vogel_2008,,,,,,
,ALIMENTARY TRACT AND METABOLISM,Pancreatic Function,Somatostatin Activity,Somato,Vogel_2008,,,,,,
,ALIMENTARY TRACT AND METABOLISM,Pancreatic Function,Taurocholate Induced Pancreatitis in the Rat,,Vogel_2008,,,,,,
,ALIMENTARY TRACT AND METABOLISM,Test on Salivary Glands,Measurement of Salivation,Saliva|Siala,Hock_2016,,SALIVATION,,,,
,ANTINEOPLASTIC AND IMMUNOMODULATING AGENTS,Carcinoma Oncology Models,Carcinoma,carcinoma,phenotype,No direct match to a reference assay in Hock_2016,CARCINOMA,,,,
,ANTINEOPLASTIC AND IMMUNOMODULATING AGENTS,Carcinoma Oncology Models,Erhlich ascites carcinoma,Ehrlich|\WEAC\W,phenotype,No direct match to a reference assay in Hock_2016. EAC is Ehrlich ascites carcinoma.,"CARCINOMA, EHRLICH TUMOR|CARCINOMA",,,,
,ANTINEOPLASTIC AND IMMUNOMODULATING AGENTS,Carcinoma Oncology Models,Lewis Lung Carcinoma,lewis lung,phenotype,No direct match to a reference assay in Hock_2016,"CARCINOMA, LEWIS LUNG|CARCINOMA|NEOPLASMS, EXPERIMENTAL",,,,
,ANTINEOPLASTIC AND IMMUNOMODULATING AGENTS,Carcinoma Oncology Models,Non Small Cell Lung Carcinoma,non\W?\W?small\W?cell,phenotype,No direct match to a reference assay in Hock_2016,"CARCINOMA|CARCINOMA, NON-SMALL-CELL LUNG",,,,
,ANTINEOPLASTIC AND IMMUNOMODULATING AGENTS,Carcinoma Oncology Models,Walker 256 Carcinoma,walker|walker 256,phenotype,No direct match to a reference assay in Hock_2016,"CARCINOMA 256, WALKER|NEOPLASMS, EXPERIMENTAL",,,,
,ANTINEOPLASTIC AND IMMUNOMODULATING AGENTS,Leukemia Oncology Models,General Leukemia,leuka?emi[ca],phenotype,No direct match to a reference assay in Hock_2016,LEUKEMIA,,,,
,ANTINEOPLASTIC AND IMMUNOMODULATING AGENTS,Leukemia Oncology Models,L1210 Experimental Leukemia,L\W?1210 leuka?em,Hock_2016,"in vivo assay described by Tovey and Maury (1999) in ""Modifications of the Method""","LEUKEMIA L1210|LEUKEMIA, EXPERIMENTAL",,,,
,ANTINEOPLASTIC AND IMMUNOMODULATING AGENTS,Leukemia Oncology Models,P388 Experimental Leukemia,P\W?388,phenotype,No direct match to a reference assay in Hock_2016,"LEUKEMIA P388|LEUKEMIA, EXPERIMENTAL",,,,
,ANTINEOPLASTIC AND IMMUNOMODULATING AGENTS,Lymphoma Oncology Models,Lymphoma,lymphoma,phenotype,No direct match to a reference assay in Hock_2016,LYMPHOMA,,,,
,ANTINEOPLASTIC AND IMMUNOMODULATING AGENTS,Melanoma Oncology Models,Experimental Melanoma,B\W?16.*melanoma|B\W?16 murine melanoma|Harding\W?Passey|Cloudman,phenotype,No direct match to a reference assay in Hock_2016,"MELANOMA, EXPERIMENTAL|MELANOMA",,,,
,ANTINEOPLASTIC AND IMMUNOMODULATING AGENTS,Melanoma Oncology Models,General Melanoma,melano|melanocarcin,phenotype,No direct match to a reference assay in Hock_2016,MELANOMA,,,,
,ANTINEOPLASTIC AND IMMUNOMODULATING AGENTS,Metastatic Oncology Models,Metastatic Activity,metasta,phenotype,,NEOPLASM METASTASIS,,,,
,ANTINEOPLASTIC AND IMMUNOMODULATING AGENTS,Methods for Testing Immunological Factors,Acute Graft Versus Host Disease GVHD in Rats,Graft.*Host|GVH|Host.*Graft,Vogel_2008,,GRAFT VS HOST DISEASE|IMMUNE SYSTEM DISEASES|ANEMIA,,,,
,ANTINEOPLASTIC AND IMMUNOMODULATING AGENTS,Methods for Testing Immunological Factors,Acute Systemic Anaphylaxis in Rats,systemic.*Anaphylaxis|Anaphylaxis.*systemic,Vogel_2008,,HYPERSENSITIVITY|IMMUNE SYSTEM DISEASES,,,,
,ANTINEOPLASTIC AND IMMUNOMODULATING AGENTS,Methods for Testing Immunological Factors,Adjuvant Arthritis in Rats,adjuvant.*arthrit|arthrit.*adjuvant,Hock_2016,,"INFLAMMATION|ARTHRITIS, RHEUMATOID",,,INDOMETHACIN|PHENYLBUTAZONE|CYCLOPHOSPHAMIDE,CHEMBL6|CHEMBL101|CHEMBL88
,ANTINEOPLASTIC AND IMMUNOMODULATING AGENTS,Methods for Testing Immunological Factors,Arthus Type Immediate Hypersensitivity,Active\W?Arthus,Vogel_2008,,INFLAMMATION|EDEMA|HEMORRHAGE,,,,
,ANTINEOPLASTIC AND IMMUNOMODULATING AGENTS,Methods for Testing Immunological Factors,Collagen Type II Induced Arthritis in Rats,,Hock_2016,,"INFLAMMATION|ARTHRITIS, RHEUMATOID|IMMUNE SYSTEM DISEASES",complete Freunds adjuvant,-,INDOMETHACIN|PHENYLBUTAZONE|ASPIRIN|PENICILLAMINE,CHEMBL6|CHEMBL101|CHEMBL25|CHEMBL1430
,ANTINEOPLASTIC AND IMMUNOMODULATING AGENTS,Methods for Testing Immunological Factors,Coxsackie virus B3 Induced Myocarditis,,Vogel_2008,,,,,,
,ANTINEOPLASTIC AND IMMUNOMODULATING AGENTS,Methods for Testing Immunological Factors,Delayed Type Hypersensitivity,Delayed\W?Type\W?Hypersensit,Vogel_2008,,HYPERSENSITIVITY|IMMUNE SYSTEM DISEASES,,,,
,ANTINEOPLASTIC AND IMMUNOMODULATING AGENTS,Methods for Testing Immunological Factors,Experimental Allergic Encephalomyelitis,Encephalomyelitis|\WEAE\W,Hock_2016,EAE is Experimental Autoimmune encephalomyelitis/encephalitis,"INFLAMMATION|IMMUNE SYSTEM DISEASES|AUTOIMMUNE DISEASES|MULTIPLE SCLEROSIS|ENCEPHALOMYELITIS, AUTOIMMUNE, EXPERIMENTAL",,,METHOTREXATE|HYDROCORTISONE|CYCLOPHOSPHAMIDE,CHEMBL34259|CHEMBL389621|CHEMBL88
,ANTINEOPLASTIC AND IMMUNOMODULATING AGENTS,Methods for Testing Immunological Factors,Experimental Autoimmune Thyroiditis,,Vogel_2008,,,,,,
,ANTINEOPLASTIC AND IMMUNOMODULATING AGENTS,Methods for Testing Immunological Factors,General Autoimmune Activity,Auto\W?immune,phenotype,,AUTOIMMUNE DISEASES|IMMUNE SYSTEM DISEASES,,,,
,ANTINEOPLASTIC AND IMMUNOMODULATING AGENTS,Methods for Testing Immunological Factors,General Immunosuppressive Activity,Immunosuppress,phenotype,,IMMUNE SYSTEM DISEASES,,,,
,ANTINEOPLASTIC AND IMMUNOMODULATING AGENTS,Methods for Testing Immunological Factors,General Rheumatoid Arthritis Models,rheumat.*arthr|collagen.*arthrit|arthrit.*collagen,phenotype,,"ARTHRITIS, RHEUMATOID",,,,
,ANTINEOPLASTIC AND IMMUNOMODULATING AGENTS,Methods for Testing Immunological Factors,Glomerulonephritis Induced by Antibasement Membrane Antibody in Rats,,Vogel_2008,,,,,,
,ANTINEOPLASTIC AND IMMUNOMODULATING AGENTS,Methods for Testing Immunological Factors,Influence on Systemic Lupus Erythematosus SLE Like Disorder in MRL/lpr Mice,,Vogel_2008,,,,,,
,ANTINEOPLASTIC AND IMMUNOMODULATING AGENTS,Methods for Testing Immunological Factors,Passive Cutaneous Anaphylaxis,Passive.*Anaphylaxis,Vogel_2008,,HYPERSENSITIVITY|IMMUNE SYSTEM DISEASES,,,,
,ANTINEOPLASTIC AND IMMUNOMODULATING AGENTS,Methods for Testing Immunological Factors,Porcine Cardiac Myosin Induced Autoimmune Myocarditis in Rats,,Vogel_2008,,,,,,
,ANTINEOPLASTIC AND IMMUNOMODULATING AGENTS,Methods for Testing Immunological Factors,Prevention of Experimentally Induced Myasthenia Gravis in Rats,Myasthenia\W?Gravis,Vogel_2008,,MYASTHENIA GRAVIS,,,,
,ANTINEOPLASTIC AND IMMUNOMODULATING AGENTS,Methods for Testing Immunological Factors,Pristane Induced Arthritis in Mice,,Vogel_2008,,,,,,
,ANTINEOPLASTIC AND IMMUNOMODULATING AGENTS,Methods for Testing Immunological Factors,Proteoglycan Induced Progressive Polyarthritis in Mice,,Vogel_2008,,,,,,
,ANTINEOPLASTIC AND IMMUNOMODULATING AGENTS,Methods for Testing Immunological Factors,Reversed Passive Arthus Reaction,Reversed?\W?Passive\W?Arthus,Hock_2016,,INFLAMMATION|EDEMA|HEMORRHAGE,,,,
,ANTINEOPLASTIC AND IMMUNOMODULATING AGENTS,Methods for Testing Immunological Factors,Spontaneous Autoimmune Diseases In Animals,BDF1|\WNOD\W,Vogel_2008,,AUTOIMMUNE DISEASES|IMMUNE SYSTEM DISEASES,,,,
,ANTINEOPLASTIC AND IMMUNOMODULATING AGENTS,Neoplasm Oncology Models,Neoplasms,tumou?r|neoplas|cancer,phenotype,No direct match to a reference assay in Hock_2016,NEOPLASMS,,,,
,ANTINEOPLASTIC AND IMMUNOMODULATING AGENTS,Sarcoma Oncology Models,Fibrosarcoma,fibrosarcoma,phenotype,No direct match to a reference assay in Hock_2016,SARCOMA|FIBROSARCOMA,,,,
,ANTINEOPLASTIC AND IMMUNOMODULATING AGENTS,Sarcoma Oncology Models,Sarcoma,sarcoma,phenotype,No direct match to a reference assay in Hock_2016,SARCOMA,,,,
,ANTINEOPLASTIC AND IMMUNOMODULATING AGENTS,Sarcoma Oncology Models,Sarcoma 180,sarcoma 180,phenotype,No direct match to a reference assay in Hock_2016,"SARCOMA 180|SARCOMA|SARCOMA, EXPERIMENTAL",,,,
,ANTINEOPLASTIC AND IMMUNOMODULATING AGENTS,Xenograft Oncology Models,Xenograft Models of Anti-Tumor Assays,xenograft.*tumou?r|tumou?r.*xenograft|xenograft.*canc|canc.*xenograft|xenograft.*carcin|carcin.*xenograft|xenograft.*metastat|metastat.*xenograft|xenograft.*lymphom|lymphom.*xenograft,phenotype,No direct match to a reference assay in Hock_2016,XENOGRAFT MODEL ANTITUMOR ASSAYS,,,,
,"ANTIPARASITIC PRODUCTS, INSECTICIDES AND REPELLENTS",Malarial Activity,General Anti-Malarial Activity,malaria,phenotype,,MALARIA,,,,
,"ANTIPARASITIC PRODUCTS, INSECTICIDES AND REPELLENTS",Trypanosomal Activity,General Anti-Trypanosomal Activity,trypanosom,phenotype,,TRYPANOSOMIASIS,,,,
,BLOOD AND BLOOD FORMING ORGANS,Genetic Models of Hemostasis and Thrombosis,Knock-out Mouse Models of Hemostasis and Thrombosis,,Vogel_2008,,,,,,
,BLOOD AND BLOOD FORMING ORGANS,Hemostasis Bleeding Models,Arterial Bleeding Time in Mesentery,arter.*bleeding\W?time,Vogel_2008,,HEMORRHAGE,,,,
,BLOOD AND BLOOD FORMING ORGANS,Hemostasis Bleeding Models,General Bleeding Models,Bleeding,phenotype,,HEMORRHAGE,,,,
,BLOOD AND BLOOD FORMING ORGANS,Hemostasis Bleeding Models,Subaqueous Tail Bleeding Time in Rodents,,Vogel_2008,,,,,,
,BLOOD AND BLOOD FORMING ORGANS,Models of Thrombosis,Arteriovenous Shunt Thrombosis,Shunt,Vogel_2008,,THROMBOSIS|VASCULAR DISEASES|CARDIOVASCULAR DISEASES,,,,
,BLOOD AND BLOOD FORMING ORGANS,Models of Thrombosis,Collagenase Induced Thrombocytopenia ,,Vogel_2008,,,,,,
,BLOOD AND BLOOD FORMING ORGANS,Models of Thrombosis,Disseminated Intravascular Coagulation DIC Model,Disseminated\W?Intravascular\W?Coagulation|\WDIC\W,Vogel_2008,,THROMBOSIS|VASCULAR DISEASES|CARDIOVASCULAR DISEASES,,,,
,BLOOD AND BLOOD FORMING ORGANS,Models of Thrombosis,Experimental Thrombocytopenia or Leucocytopenia,thrombocytopenia,Vogel_2008,,THROMBOSIS|VASCULAR DISEASES|CARDIOVASCULAR DISEASES,,,,
,BLOOD AND BLOOD FORMING ORGANS,Models of Thrombosis,FeCl3 Induced Thrombosis,FeCl3,Vogel_2008,,THROMBOSIS|VASCULAR DISEASES|CARDIOVASCULAR DISEASES,,,,
,BLOOD AND BLOOD FORMING ORGANS,Models of Thrombosis,General Thrombosis Models,Thromb,phenotype,Thrombin is a clotting enzyme; Thromboplastin is a plasma protein aiding blood coagulation. Thrombus is a blood clot.,THROMBOSIS|VASCULAR DISEASES|CARDIOVASCULAR DISEASES,,,,
,BLOOD AND BLOOD FORMING ORGANS,Models of Thrombosis,Laser Induced Thrombosis,laser.*thromb|thromb.*laser,Hock_2016,,,,,ASPIRIN|PENTOXIFYLLINE,CHEMBL25|CHEMBL628
,BLOOD AND BLOOD FORMING ORGANS,Models of Thrombosis,Microvascular Thrombosis in Trauma Models,,Vogel_2008,,,,,,
,BLOOD AND BLOOD FORMING ORGANS,Models of Thrombosis,Photochemical Induced Thrombosis,Photochemical.*Thromb,Hock_2016,,THROMBOSIS|VASCULAR DISEASES|CARDIOVASCULAR DISEASES,FLUORESCEIN,CHEMBL177756,HEPARIN SODIUM|ASPIRIN|INDOMETHACIN,CHEMBL1201657|CHEMBL25|CHEMBL6
,BLOOD AND BLOOD FORMING ORGANS,Models of Thrombosis,Reversible Intravital Aggregation of Platelets,platelet.*aggregat|aggregat.*platelet,Vogel_2008,,THROMBOSIS|VASCULAR DISEASES|CARDIOVASCULAR DISEASES,ADENOSINE DIPHOSPHATE|Platelet activating factor|ARACHIDONIC ACID|THROMBIN|collagen,CHEMBL14830|-|CHEMBL15594|CHEMBL2108110|-,,
,BLOOD AND BLOOD FORMING ORGANS,Models of Thrombosis,Wire Coil Induced Thrombosis,Wire\W?Coil,Vogel_2008,,THROMBOSIS|VASCULAR DISEASES|CARDIOVASCULAR DISEASES,,,,
,CARDIOVASCULAR SYSTEM,Anti-Arrhythmic Activity,Aconitine Antagonism in Rats,\WAconitine,Hock_2016,,"ARRHYTHMIAS, CARDIAC|HEART DISEASES|CARDIOVASCULAR DISEASES",,,,
,CARDIOVASCULAR SYSTEM,Anti-Arrhythmic Activity,"Coronary Artery Ligation, Reperfusion Arrhythmia and Infarct Size in Rats",Coronary\W?Artery\W?Ligation,Hock_2016,,"ARRHYTHMIAS, CARDIAC",,,,
,CARDIOVASCULAR SYSTEM,Anti-Arrhythmic Activity,Electrocardiography in Animals,qt|lead\W?II,Hock_2016,,LONG QT SYNDROME,,,,
,CARDIOVASCULAR SYSTEM,Anti-Arrhythmic Activity,General Anti-Arrhythmic Activity,arrhythm|arrhym|fibrill|tachycard|bradycard,phenotype,,CARDIOVASCULAR DISEASES|HEART DISEASES,,,,
,CARDIOVASCULAR SYSTEM,Calcium Uptake Inhibiting Activity,Evaluation of Calcium Blockers in the Pithed Rat,,Vogel_2008,,,,,,
,CARDIOVASCULAR SYSTEM,Cardiac Hypertrophy and Insufficiency,Aortic Banding,Aortic\W?Band,Hock_2016,,"CARDIOMYOPATHY, HYPERTROPHIC|HYPERTENSION|HEART DISEASES|CARDIOVASCULAR DISEASES",,,,
,CARDIOVASCULAR SYSTEM,Cardiac Hypertrophy and Insufficiency,Cardiac Hypertrophy,Cardiac.*Hypertroph|Hypertroph.*Cardiac,Hock_2016,Thickening of the heart muscle,"CARDIOMYOPATHY, HYPERTROPHIC|HEART DISEASES|CARDIOVASCULAR DISEASES",,,,
,CARDIOVASCULAR SYSTEM,Cardiac Hypertrophy and Insufficiency,Chronic Heart Failure,,Vogel_2008,Rat and Mouse assays considered together. ,,,,,
,CARDIOVASCULAR SYSTEM,Cardiovascular Analysis,Activity at beta1 and beta2 Adrenoreceptors in Rat,,Vogel_2008,,,,,,
,CARDIOVASCULAR SYSTEM,Cardiovascular Analysis,Angiotensin Converting Enzyme ACE Inhibition Measured in Vivo in Rat,,Vogel_2008,,,,,,
,CARDIOVASCULAR SYSTEM,Cardiovascular Analysis,Angiotensin II Antagonism in Vivo,Angiotensin\W?II.*press|press.*Angiotensin\W?II|\WA\W?II\W.*press|press.*\WA\W?II\W|press.*\WAng\WII\W|\WAng\WII\W.*press,Hock_2016,,HYPERTENSION|CARDIOVASCULAR DISEASES|VASCULAR DISEASES,,,,
,CARDIOVASCULAR SYSTEM,Cardiovascular Analysis,Anti-Hypertensive Vasodilator Activity in Ganglion Blocked Angiotensin II Supported Rats,,Vogel_2008,,,,,,
,CARDIOVASCULAR SYSTEM,Cardiovascular Analysis,Bezold Jarisch Reflex,Bezold\W?Jarisc?h,Hock_2016,,SHOCK,,,,
,CARDIOVASCULAR SYSTEM,Cardiovascular Analysis,Blood Pressure in Conscious Hypertensive Rats Tail Cuff Method,Tail\W?Cuff,Hock_2016,,HYPERTENSION|CARDIOVASCULAR DISEASES|VASCULAR DISEASES,,,,
,CARDIOVASCULAR SYSTEM,Cardiovascular Analysis,Blood Pressure in Pithed Rats,,Vogel_2008,,,,,,
,CARDIOVASCULAR SYSTEM,Cardiovascular Analysis,Cardiovascular Analysis in Anesthetized Mice,,Vogel_2008,,,,,,
,CARDIOVASCULAR SYSTEM,Cardiovascular Analysis,Cardiovascular Effects After Intracerebroventricular icv Administration,,Vogel_2008,,,,,,
,CARDIOVASCULAR SYSTEM,Cardiovascular Analysis,Direct Measurement of Blood Pressure in Conscious Rats with Indwelling Catheter,,Vogel_2008,,,,,,
,CARDIOVASCULAR SYSTEM,Cardiovascular Analysis,Endothelin Receptor Antagonism in Vivo,,Vogel_2008,,,,,,
,CARDIOVASCULAR SYSTEM,Cardiovascular Analysis,Endotoxin Induced Shock,endotoxin.*mortal|endotoxin\Wshock\Wmodel,Hock_2016,,SHOCK|PULMONARY EMBOLISM|BRONCHIAL SPASM|RENAL INSUFFICIENCY|SEPSIS,,,ROSIGLITAZONE,CHEMBL121
,CARDIOVASCULAR SYSTEM,Cardiovascular Analysis,General Anti-Hypertensive Activity,anti\W?hypertens,phenotype,,HYPERTENSION,,,,
,CARDIOVASCULAR SYSTEM,Cardiovascular Analysis,General Cardioprotective Activity,Cardioprotect,phenotype,,CARDIOVASCULAR DISEASES,,,,
,CARDIOVASCULAR SYSTEM,Cardiovascular Analysis,Heart Rate Measurement,heart\Wrate|\WHR\Wratio|delta\WHR,Hock_2016,"Not possible to case-insensitively match against ""HR"" because this matches ""hour, hr"" as well as ""heart rate, HR"".",HEART RATE,,,,
,CARDIOVASCULAR SYSTEM,Cardiovascular Analysis,Heat Stroke,,Vogel_2008,,,,,,
,CARDIOVASCULAR SYSTEM,Cardiovascular Analysis,Hemodynamic Screening,hemodynamic,Hock_2016,"includes rat, concious dog, anesthetised dog, monkey, guinea pigs, ferrets etc",HEMODYNAMICS,,,CLONIDINE|DIHYDRALAZINE|PHENTOLAMINE|PRAZOSIN|PROPRANOLOL|URAPIDIL|VERAPAMIL,CHEMBL134|CHEMBL35505|CHEMBL597|CHEMBL2|CHEMBL27|CHEMBL279229|CHEMBL6966
,CARDIOVASCULAR SYSTEM,Cardiovascular Analysis,Hemorrhagic Shock,,Vogel_2008,,,,,,
,CARDIOVASCULAR SYSTEM,Cardiovascular Analysis,Influence on Orthostatic Hypotension,(?<!ocular )hypotens,Hock_2016,"The negative lookbehind regex excludes ""ocular hypotension""",HYPOTENSION,,,,
,CARDIOVASCULAR SYSTEM,Cardiovascular Analysis,Measurement of Cardiac Output and Regional Blood Flow with Microspheres ,,Vogel_2008,,,,,,
,CARDIOVASCULAR SYSTEM,Cardiovascular Analysis,Telemetric Monitoring of Cardiovascular Parameters in Rats,,Vogel_2008,,,,,,
,CARDIOVASCULAR SYSTEM,Cardiovascular Analysis,Tourniquet Shock,,Vogel_2008,,,,,,
,CARDIOVASCULAR SYSTEM,Cardiovascular Analysis,alpha and beta Adrenoreceptors in the Mouse Iris,,Vogel_2008,,,,,,
,CARDIOVASCULAR SYSTEM,Cardiovascular Safety Pharmacology,Cardiovascular Safety Pharmacology: Cardiac Output,cardiac\Woutput,Vogel_2013_SafetyPharmacology,"includes rat, concious dog, anesthetised dog, monkey, guinea pigs, ferrets etc",CARDIAC OUTPUT,,,,
,CARDIOVASCULAR SYSTEM,Cardiovascular Safety Pharmacology,Cardiovascular Safety Pharmacology: Diastolic Blood Pressure,diastolic\Wblood\Wpressure|diastolic\Warterial\Wblood\Wpressure|diastolic\Warterial\Wpressure|diastolic\Wpressure|diastolic\WBP,Vogel_2013_SafetyPharmacology,"includes rat, concious dog, anesthetised dog, monkey, guinea pigs, ferrets etc",BLOOD PRESSURE,,,,
,CARDIOVASCULAR SYSTEM,Cardiovascular Safety Pharmacology,Cardiovascular Safety Pharmacology: Ejection Fraction,ejection\Wfraction,Vogel_2013_SafetyPharmacology,"includes rat, concious dog, anesthetised dog, monkey, guinea pigs, ferrets etc",STROKE VOLUME,,,,
,CARDIOVASCULAR SYSTEM,Cardiovascular Safety Pharmacology,Cardiovascular Safety Pharmacology: End Diastolic Volume,end\Wdiastolic\Wvolume,Vogel_2013_SafetyPharmacology,"includes rat, concious dog, anesthetised dog, monkey, guinea pigs, ferrets etc",STROKE VOLUME,,,,
,CARDIOVASCULAR SYSTEM,Cardiovascular Safety Pharmacology,Cardiovascular Safety Pharmacology: Mean Blood Pressure or Mean Arteral Blood Pressure,mean\Wblood\Wpressure|mean\Warterial\Wblood\Wpressure|MABP,Vogel_2013_SafetyPharmacology,"includes rat, concious dog, anesthetised dog, monkey, guinea pigs, ferrets etc",BLOOD PRESSURE,,,,
,CARDIOVASCULAR SYSTEM,Cardiovascular Safety Pharmacology,Cardiovascular Safety Pharmacology: Pulse Pressure,pulse\Wpressure,Vogel_2013_SafetyPharmacology,"includes rat, concious dog, anesthetised dog, monkey, guinea pigs, ferrets etc",BLOOD PRESSURE,,,,
,CARDIOVASCULAR SYSTEM,Cardiovascular Safety Pharmacology,Cardiovascular Safety Pharmacology: Stroke Volume,stroke\Wvolume,Vogel_2013_SafetyPharmacology,"includes rat, concious dog, anesthetised dog, monkey, guinea pigs, ferrets etc",STROKE VOLUME,,,,
,CARDIOVASCULAR SYSTEM,Cardiovascular Safety Pharmacology,Cardiovascular Safety Pharmacology: Systolic Blood Pressure,systolic\Wblood\Wpressure|systolic\Warterial\Wblood\Wpressure,Vogel_2013_SafetyPharmacology,"includes rat, concious dog, anesthetised dog, monkey, guinea pigs, ferrets etc",BLOOD PRESSURE,,,,
,CARDIOVASCULAR SYSTEM,Cardiovascular Safety Pharmacology,Cardiovascular Safety Pharmacology: Total Peripheral Resistance,total\Wperipheral\Wresistance|peripheral\Wvascular\Wresistance|coronary\Wvascular\Wresistance|vascular\Wresistance.*atrium|vascular\Wresistance.*ventricle,Vogel_2013_SafetyPharmacology,"includes rat, concious dog, anesthetised dog, monkey, guinea pigs, ferrets etc",VASCULAR RESISTANCE,,,,
,CARDIOVASCULAR SYSTEM,Coronary Drugs,Isoproterenol Induced Myocardial Necrosis in Rats,,Vogel_2008,,,,,,
,CARDIOVASCULAR SYSTEM,Coronary Drugs,MRI Studies After Heart and Lung Transplantation,,Vogel_2008,,,,,,
,CARDIOVASCULAR SYSTEM,Coronary Drugs,MRI Studies of Cardiac Function,,Vogel_2008,,,,,,
,CARDIOVASCULAR SYSTEM,Coronary Drugs,Myocardial Infarction After Coronary Ligation,Myocardial.*Inf[ar][ra]ct,Hock_2016,,MYOCARDIAL INFARCTION|HEART DISEASES|CARDIOVASCULAR DISEASES,,,,
,CARDIOVASCULAR SYSTEM,Effects on Blood Supply and on Arterial and Venous Tonus,Angiotensin II Induced Aortic Aneurysm in Mice,,Vogel_2008,,,,,,
,CARDIOVASCULAR SYSTEM,Effects on Blood Supply and on Arterial and Venous Tonus,Cerebral Blood Flow Measured by NMRI,,Vogel_2008,,,,,,
,CARDIOVASCULAR SYSTEM,Effects on Blood Supply and on Arterial and Venous Tonus,Effect on Cerebral Blood Flow and in Ischemic Skeletal Muscle in Rats Laser Doppler Effect,,Vogel_2008,,,,,,
,CARDIOVASCULAR SYSTEM,Effects on Blood Supply and on Arterial and Venous Tonus,Effect on Contractile Force of Ischemic Muscle,,Vogel_2008,,,,,,
,CARDIOVASCULAR SYSTEM,Effects on Blood Supply and on Arterial and Venous Tonus,Effect on Mesenteric Blood Flow in Rats,,Vogel_2008,,,,,,
,CARDIOVASCULAR SYSTEM,Effects on Blood Supply and on Arterial and Venous Tonus,Effect on Peripheral Blood Flow in Rats,,Vogel_2008,,,,,,
,CARDIOVASCULAR SYSTEM,Effects on Blood Supply and on Arterial and Venous Tonus,Forebrain Ischemia in Rats,,Vogel_2008,Ischemia can be brain or heart - hence need NOT keyword search in future. Or better match by similarity matching?,,,,,
,CARDIOVASCULAR SYSTEM,Effects on Blood Supply and on Arterial and Venous Tonus,General Ischemia Reperfusion,Ischemia|Reperfusion,phenotype,,ISCHEMIA,,,,
,CARDIOVASCULAR SYSTEM,Effects on Blood Supply and on Arterial and Venous Tonus,Hypoxia Tolerance Test in Rats,,Hock_2016,,,,,,
,CARDIOVASCULAR SYSTEM,Effects on Blood Supply and on Arterial and Venous Tonus,Measurement of Local Cerebral Blood Flow and Glucose Utilization in Rats,,Vogel_2008,,,,,,
,CARDIOVASCULAR SYSTEM,Effects on Blood Supply and on Arterial and Venous Tonus,Mesenteric Window Angiogenesis Model,,Vogel_2008,,,,,,
,CARDIOVASCULAR SYSTEM,Effects on Blood Supply and on Arterial and Venous Tonus,Microdialysis and Neuroprotection Experiments After Global Ischemia in Rats,,Vogel_2008,,,,,,
,CARDIOVASCULAR SYSTEM,Effects on Blood Supply and on Arterial and Venous Tonus,Middle Cerebral Artery Occlusion,Middle\W?Cerebral\W?Artery\W?Occlusion|\WMCAO\W|\WMCA\W?Occlusion,Hock_2016,Not just in Rat,ARTERIAL OCCLUSIVE DISEASES|BRAIN INFARCTION|ISCHEMIA|BRAIN DISEASES|VASCULAR DISEASES|CARDIOVASCULAR DISEASES,,,,
,CARDIOVASCULAR SYSTEM,Effects on Blood Supply and on Arterial and Venous Tonus,Perfused Hindquarter Preparation with Sympathetic Nerve Stimulation in Rats,,Vogel_2008,,,,,,
,CARDIOVASCULAR SYSTEM,Effects on Blood Supply and on Arterial and Venous Tonus,Photochemically Induced Focal Cerebral Ischemia in Rats,Photochemically\W?Induced.*Cerebral.*Ischemia,Hock_2016,,ISCHEMIA|BRAIN DISEASES|NERVOUS SYSTEM DISEASES,,,,
,CARDIOVASCULAR SYSTEM,Effects on Blood Supply and on Arterial and Venous Tonus,Subcutaneous Air Sac Model for Angiogenesis.,angiogen.*Air\W?Pouch|Air\W?Pouch.*angiogen,Hock_2016,Note the overlap between angiogenesis and chronic inflammation,ANGIOGENESIS INHIBITORS,,,,
,CARDIOVASCULAR SYSTEM,Effects on Blood Supply and on Arterial and Venous Tonus,Traumatic Brain Injury,Traum.*Brain\W?Injury,Hock_2016,,"BRAIN INJURIES, TRAUMATIC",,,,
,CARDIOVASCULAR SYSTEM,Experimental Hypertension,DOCA Salt Induced Hypertension,\WDOCA\W|deoxy\W?corticosterone\W?acetate,Hock_2016,Can be rat or mouse,HYPERTENSION|CARDIOVASCULAR DISEASES|VASCULAR DISEASES,,,,
,CARDIOVASCULAR SYSTEM,Experimental Hypertension,Fructose Induced Hypertension in Rats,,Vogel_2008,,,,,,
,CARDIOVASCULAR SYSTEM,Experimental Hypertension,"Genetic Hypertension in Rats: Genetically hypertensive rat (GH), Spontaneously hypertensive rat (Akamoto-Aoki, SHR) or Wistar-Kyoto Rat (WKY), Salt-hypertension-sensitivity and Salt-hypertension-resistant (RD), Dahl Salt-Sensitive rat (S), Sabra strain, Milan hypertensive strain (MHS), Lyon, Stroke-prone strain (SHR=SHRSP), transgenic rat with hypertension,  TGR or TGR(mREN2)27, double transgenic rat (dTGR), genetically hypertensive mouse",Spontaneous.*Hypertensi|\WSHR\W|Wistar\W?Kyoto|\WWKY\W|Salt.*Hypertens|Salt.*Hypertens|Dahl|Sabra|Transgenic.*Hypertens|Hypertens.*Transgenic|Double\W?Transgenic|dTGR,Vogel_2008,,HYPERTENSION|CARDIOVASCULAR DISEASES|VASCULAR DISEASES,,,,
,CARDIOVASCULAR SYSTEM,Experimental Hypertension,Hypertension Induced by Chronic NO Synthase Inhibition,,Vogel_2008,,,,,,
,CARDIOVASCULAR SYSTEM,Experimental Hypertension,Portal Hypertension in Rats,,Vogel_2008,,,,,,
,CARDIOVASCULAR SYSTEM,Experimental Hypertension,Pulmonary Hypertension Induced by Monocrotaline,Mono\W?crotaline,Hock_2016,,"HYPERTENSION, PULMONARY|LUNG DISEASES",,,,
,CARDIOVASCULAR SYSTEM,Experimental Hypertension,Renal Hypertension,Renal\W?Hypertens,Hock_2016,"Acute and chronic renal hypertension grouped together, in rat or dog","HYPERTENSION, RENAL|KIDNEY DISEASES",,,,
,CARDIOVASCULAR SYSTEM,Induction of Experimental Atherosclerosis,Cholesterol Diet Induced Atherosclerosis,cholesterol\W?diet|hypercholesterol|hypocholesterol,Vogel_2008,,HYPERCHOLESTEROLEMIA|ATHEROSCLEROSIS,,,,
,CARDIOVASCULAR SYSTEM,Induction of Experimental Atherosclerosis,General Atherosclerosis Activity,Athero,phenotype,,ATHEROSCLEROSIS,,,,
,CARDIOVASCULAR SYSTEM,Induction of Experimental Atherosclerosis,Intimal Reactions After Endothelial Injury,Balloon\W?Injury,Vogel_2008,,ATHEROSCLEROSIS,,,,
,CARDIOVASCULAR SYSTEM,Influence on Lipid Metabolism,Fructose Induced Hypertriglyceridemia in Rats,Fruct,Vogel_2008,,HYPERTRIGLYCERIDEMIA,,,,
,CARDIOVASCULAR SYSTEM,Influence on Lipid Metabolism,General Hyperlipidemia Models,Hyperlipid,phenotype,General assay category for Hyperlipidemia,LIPID METABOLISM DISORDERS|HYPERLIPIDEMIAS,,,,
,CARDIOVASCULAR SYSTEM,Influence on Lipid Metabolism,General Lipid Metabolism,Lipid,phenotype,,LIPID METABOLISM DISORDERS,,,,
,CARDIOVASCULAR SYSTEM,Influence on Lipid Metabolism,Hypolipidemic Activity in Rats,Hypolipidem,Vogel_2008,,LIPID METABOLISM DISORDERS|HYPERLIPIDEMIAS,,,,
,CARDIOVASCULAR SYSTEM,Influence on Lipid Metabolism,Influence on Lipoprotein Lipase Activity,Lipoprotein\W?Lipase,Vogel_2008,,LIPID METABOLISM DISORDERS,,,,
,CARDIOVASCULAR SYSTEM,Influence on Lipid Metabolism,Intravenous Lipid Tolerance Test in Rats,Lipid\W?Tolerance,Vogel_2008,,HYPERTRIGLYCERIDEMIA,,,,
,CARDIOVASCULAR SYSTEM,Influence on Lipid Metabolism,Lipid Peroxidation Assay,Lipid.*Oxidat|Oxidat.*Lipid|TBARS|Thiobarbituric,Vogel_2008,"Check with expert whether assay for lipid peroxidation is correctly classified here. The lipid peroxidation assay (TBARS) is described in Vogel_2008 as part of the assay description for  'D: Respiratory activity, Bleomycin-Induced Pulmonary Fibrosis'",LIPID METABOLISM DISORDERS,,,,
,CARDIOVASCULAR SYSTEM,Influence on Lipid Metabolism,Triton Induced Hyperlipidemia,Triton.*Lipid|Lipid.*Triton,Vogel_2008,,LIPID METABOLISM DISORDERS,,,,
,CARDIOVASCULAR SYSTEM,Inhibition of Cholesterol Absorption,General Cholesterol Activity,cholester|\WLDL\W|\WHDL\W,phenotype,,HYPERCHOLESTEROLEMIA|LIPID METABOLISM DISORDERS,,,,
,CARDIOVASCULAR SYSTEM,Inhibition of Cholesterol Absorption,In Vivo Test for ACAT (Acyl Coenzyme A: Cholesterol Acyltransferase) Inhibitory Activity,,Vogel_2008,,,,,,
,CARDIOVASCULAR SYSTEM,Inhibition of Cholesterol Absorption,Lymph Fistula Model for Cholesterol Absorption,,Vogel_2008,,,,,,
,CARDIOVASCULAR SYSTEM,Inhibition of Cholesterol Biosynthesis,Effect of HMG-CoA-Reductase Inhibitors in Vivo (3-Hydroxy-3-methylglutaryl-coenzyme A),HMG\W?CoA,Vogel_2008,,LIPID METABOLISM DISORDERS|HYPERLIPIDEMIAS|ATHEROSCLEROSIS,,,,
,DERMATOLOGICALS,Acne Models,Acne Activity on Sebaceous Glands of Rats,,Vogel_2008,,,,,,
,DERMATOLOGICALS,Acne Models,Acne Activity on Sebaceous Glands of the Fuzzy Rat,,Vogel_2008,,,,,,
,DERMATOLOGICALS,Acne Models,Acne Activity on the Skin of the Rhino Mouse,,Vogel_2008,,,,,,
,DERMATOLOGICALS,Biomechanics of Skin,Healing of Skin Wounds,,Vogel_2008,,,,,,
,DERMATOLOGICALS,Biomechanics of Skin,In Vivo Recovery of Skin After Repeated Strain,,Vogel_2008,,,,,,
,DERMATOLOGICALS,Biomechanics of Skin,Repeated Strain on Skin in Vivo,,Vogel_2008,,,,,,
,DERMATOLOGICALS,Biomechanics of Skin,Stress-Strain Curves of Skin in Vivo,,Vogel_2008,,,,,,
,DERMATOLOGICALS,Cutaneous Microcirculation,Laser Doppler Velocimetry for Cutaneous Microcirculation,,Vogel_2008,,,,,,
,DERMATOLOGICALS,Cutaneous Microcirculation,Measurement of Skin Microcirculation by Reflectance Spectroscopy,,Vogel_2008,,,,,,
,DERMATOLOGICALS,Erythropoietic Protoporphyria Models,Animal Models for Erythropoietic Protoporphyria,,Vogel_2008,,,,,,
,DERMATOLOGICALS,Experimental Dermatitis,Contact Hypersensitivity,Contact\W?Hypersensit,Vogel_2008,Vogel assay for (i) 'Contact Hypersensitivity in Mice'  is combined with (ii)'Contact Hypersensitivity in Rats',"DERMATITIS, ATOPIC|ECZEMA|SKIN DISEASES",,,,
,DERMATOLOGICALS,Experimental Dermatitis,General Dermatitis Models,Dermatitis,phenotype,,DERMATITIS,,,,
,DERMATOLOGICALS,Experimental Dermatitis,Motheaten Mice for Spontaneous Dermatitis,,Vogel_2008,,,,,,
,DERMATOLOGICALS,Experimental Dermatitis,NC/Nga Mouse as Model for Atopic Dermatitis,Atopic\W?Dermati,Vogel_2008,,"DERMATITIS, ATOPIC|ECZEMA|SKIN DISEASES",,,,
,DERMATOLOGICALS,Experimental Dermatitis,Non-Immunologic Contact Urticaria,,Vogel_2008,,,,,,
,DERMATOLOGICALS,Experimental Dermatitis,Spontaneous Erythema in Hairless Rats,,Vogel_2008,,,,,,
,DERMATOLOGICALS,Ichthyosis Models,Experimentally Induced Ichthyosis in Mice,,Vogel_2008,,,,,,
,DERMATOLOGICALS,Influence on Hair Growth,Influence on Hair Growth,Hair.*Growth,Vogel_2008,,HYPOTRICHOSIS|ALOPECIA,,,,
,DERMATOLOGICALS,Pemphigus Models,Experimentally Induced Pemphigus in Mice,,Vogel_2008,,,,,,
,DERMATOLOGICALS,Protection against UV light,Protection of Skin Against UV Light,,Vogel_2008,,,,,,
,DERMATOLOGICALS,Pruritus Models,Pruritus and Scratching Behavior,Prurit|scratch,Hock_2016,Vogel assay for (i) 'Pruritis and Scratching in Mice'  is combined with (ii) 'Pruritis and Scratching in Other Species',PRURITUS|SKIN DISEASES,BOMBESIN|MORPHINE|SEROTONIN,CHEMBL437027|CHEMBL70|CHEMBL39,,
,DERMATOLOGICALS,Psoriasis Models,Asebia (ab/ab) Mouse for Psoriatiform Skin Diseases in Spontaneous Mice Mutations,,Vogel_2008,,,,,,
,DERMATOLOGICALS,Psoriasis Models,Flaky Skin (fsn) Mouse for Psoriatiform Skin Diseases in Spontaneous Mice Mutations,,Vogel_2008,,,,,,
,DERMATOLOGICALS,Psoriasis Models,Hyperproliferative Epidermis in Hairless Mice,,Vogel_2008,,,,,,
,DERMATOLOGICALS,Psoriasis Models,Mouse Tail Model for Psoriasis,,Vogel_2008,,,,,,
,DERMATOLOGICALS,Psoriasis Models,Rat Ultraviolet Ray B Photodermatitis Model for Psoriasis,,Vogel_2008,,,,,,
,DERMATOLOGICALS,Psoriasis Models,Xenotransplantation of Human Psoriatic Skin,,Vogel_2008,,,,,,
,DERMATOLOGICALS,Scleroderma Models,"Scleroderma Models in Mice: tight-skin mouse, WBB6F1-W/WV mouse, MRL/lpr mouse",,Vogel_2008,,,,,,
,DERMATOLOGICALS,Skin Sensitization Testing,Local Lymph Node Assay for Skin Sensitization,,Vogel_2008,,,,,,
,DERMATOLOGICALS,Skin Sensitization Testing,Popliteal Lymph Node Hyperplasia Assay,pop.*lymph|PLN,Vogel_2008,,ECZEMA|SKIN DISEASES,,,,
,DERMATOLOGICALS,Transepidermal Water Loss,Transepidermal Water Loss (TEWL),,Vogel_2008,,,,,,
,DERMATOLOGICALS,Vitiligo Models,Vitiligo in Mice,,Vogel_2008,,,,,,
,DERMATOLOGICALS,Xeroderma Models,Experimentally Induced Xeroderma in Mice,,Vogel_2008,,,,,,
,GENITO URINARY SYSTEM AND SEX HORMONES,Assessment of Renal Function,Assessment of Tubular Transport Processes using Transport Substrates and Inhibitors,,Vogel_2008,,,,,,
,GENITO URINARY SYSTEM AND SEX HORMONES,Assessment of Renal Function,Clearance Methods,,Vogel_2008,,,,,,
,GENITO URINARY SYSTEM AND SEX HORMONES,Assessment of Renal Function,Fractional Excretion Methods,Excret,Hock_2016,,RENAL ELIMINATION,,,,
,GENITO URINARY SYSTEM AND SEX HORMONES,Assessment of Renal Function,General Renal Function Models,Renal\W?Function,phenotype,,,,,,
,GENITO URINARY SYSTEM AND SEX HORMONES,Assessment of Renal Function,Micropuncture Techniques in Rats,,Vogel_2008,,,,,,
,GENITO URINARY SYSTEM AND SEX HORMONES,Assessment of Renal Function,Quantitative Electrolyte Excretion,,Vogel_2008,,,,,,
,GENITO URINARY SYSTEM AND SEX HORMONES,Assessment of Renal Function,Solute-Free Water Excretion and Reabsorption,\Wurin.*conc|Conc.*\WUrin,Vogel_2008,,,,,,
,GENITO URINARY SYSTEM AND SEX HORMONES,Assessment of Renal Function,Stop Flow Technique,,Vogel_2008,,,,,,
,GENITO URINARY SYSTEM AND SEX HORMONES,Assessment of Renal Function,Urinalysis,urine.*volume|volume.*urine|proteinuria|glucosuria|urinary\Wglucose\Wexcretion,Hock_2016,,URINALYSIS,,,,
,GENITO URINARY SYSTEM AND SEX HORMONES,Assessment of Renal Function,Assessment of Glomerular Filtration Rate (GFR) and Renal Blood Flow  (RBF) by Scintigraphic Imaging ,,Vogel_2008,,,,,,
,GENITO URINARY SYSTEM AND SEX HORMONES,Assessment of Renal Function,Assessment of Glomerular Filtration Rate (GFR) by Plasma Chemistry,Glomerular\W?Filtration|urea.*nitrogen|nitrogen.*urea|serum.*\WCr\W|serum.*creatinin|renal.*creatin|creatin.*renal|excret.*creatin|creatin.*excret|urin.*creatin|creatin.*urin,Hock_2016,,,,,,
,GENITO URINARY SYSTEM AND SEX HORMONES,Assessment of Renal Function,Assessment of Medullary Osmolarity and Blood Flow,,Vogel_2008,,,,,,
,GENITO URINARY SYSTEM AND SEX HORMONES,Assessment of Renal Function,Assessment of Renal Blood Flow (RBF) by Intravascular Doppler Flow Probes ,,Vogel_2008,,,,,,
,GENITO URINARY SYSTEM AND SEX HORMONES,Diuretic and Saluretic Activity,Diuretic Activity in Rats Lipschitz Test,Diuretic|Lipschitz,Vogel_2008,,KIDNEY DISEASES,,,,
,GENITO URINARY SYSTEM AND SEX HORMONES,Diuretic and Saluretic Activity,Saluretic Activity in Rats,Saluret|Kaliuret|Natriuret,Vogel_2008,,KIDNEY DISEASES,,,,
,GENITO URINARY SYSTEM AND SEX HORMONES,Impaired Renal Function,Chronic Renal Failure in the Rat,Chronic\W?Renal\W?Failure,Vogel_2008,,"KIDNEY FAILURE, CHRONIC|KIDNEY DISEASES",,,,
,GENITO URINARY SYSTEM AND SEX HORMONES,Impaired Renal Function,Experimental Nephrosis,,Vogel_2008,,,,,,
,GENITO URINARY SYSTEM AND SEX HORMONES,Impaired Renal Function,General Nephrotoxic and Nephroprotective Models,Nephro,phenotype,,KIDNEY DISEASES,,,,
,GENITO URINARY SYSTEM AND SEX HORMONES,Impaired Renal Function,Nephrotoxic Serum Nephritis,,Vogel_2008,,,,,,
,GENITO URINARY SYSTEM AND SEX HORMONES,Influence on Lower Urinary Tract,Micturition Studies,active\W?bladder|Micturition|bladder\W?contract,Vogel_2008,,URINARY INCONTINENCE,,,,
,GENITO URINARY SYSTEM AND SEX HORMONES,Ovarian Hormones,Antagonism of Estrogen Effect on Uterus Weight,anti\W?O?estrogen.*weight|weight.*anti\W?O?estrogen,Vogel_2008,,,,,,
,GENITO URINARY SYSTEM AND SEX HORMONES,Ovarian Hormones,Aromatase Inhibition,Aromatase,Vogel_2008,,,,,,
,GENITO URINARY SYSTEM AND SEX HORMONES,Ovarian Hormones,Deciduoma Formation Progestional Activity,Decidu,Vogel_2008,,,,,,
,GENITO URINARY SYSTEM AND SEX HORMONES,Ovarian Hormones,General Estrogen or Progestogen Activity,Estrogen|Estradiol|Estrone|Progest,phenotype,,GONADAL HORMONES,,,,
,GENITO URINARY SYSTEM AND SEX HORMONES,Ovarian Hormones,Pregnancy Maintenance Assay Progestional Activity,,Vogel_2008,,,,,,
,GENITO URINARY SYSTEM AND SEX HORMONES,Ovarian Hormones,Uterine Weight Assay,uter.*weight|weight.*uter,Vogel_2008,,,,,,
,GENITO URINARY SYSTEM AND SEX HORMONES,Ovarian Hormones,Vaginal Cornification Assay,Cornification|Doisy,Vogel_2008,,,,,,
,GENITO URINARY SYSTEM AND SEX HORMONES,Testicular Steroid Hormones,General Androgen Activity,Androg,phenotype,,TESTICULAR HORMONES|GONADAL HORMONES,,,,
,GENITO URINARY SYSTEM AND SEX HORMONES,Testicular Steroid Hormones,General Hormonal Activity,anabol,phenotype,,HORMONES,,,,
,GENITO URINARY SYSTEM AND SEX HORMONES,Testicular Steroid Hormones,Intra-Uterine Feminizing / Virilizing Effect,Viril,Vogel_2008,,,,,,
,GENITO URINARY SYSTEM AND SEX HORMONES,Testicular Steroid Hormones,Nitrogen Retention Anabolic Agents,,Vogel_2008,,,,,,
,GENITO URINARY SYSTEM AND SEX HORMONES,Testicular Steroid Hormones,Weight of Androgen-Dependent Organs in Rats,Androgen.*weight|weight.*Androgen|Prostate.*Weight|Weight.*Prostate,Vogel_2008,"Combined with Vogel assays for (i) 'Antagonism of Androgen Action in Castrated Rats', (ii) 'Anti-Androgenic Activity in Female Rats'",,,,,
,GENITO URINARY SYSTEM AND SEX HORMONES,Uricosuric and Hypo-Uricemic Activity,Diuretic and Uricosuric Activity in Mice,,Vogel_2008,,,,,,
,GENITO URINARY SYSTEM AND SEX HORMONES,Uricosuric and Hypo-Uricemic Activity,Hypouricemic Activity After Allantoxanamide Treatment in Rats,,Vogel_2008,,,,,,
,GENITO URINARY SYSTEM AND SEX HORMONES,Uricosuric and Hypo-Uricemic Activity,Hypouricemic and Uricosuric Activity After Potassium Oxonate Treatment in Rats,Hypouricemic.*Potassium\W?Oxonate|\Wuric,Vogel_2008,,HYPERURICEMIA,,,,
,GENITO URINARY SYSTEM AND SEX HORMONES,Uricosuric and Hypo-Uricemic Activity,Phenol Red Excretion in Rats,,Vogel_2008,,,,,,
,MUSCULO-SKELETAL SYSTEM,Anti-Arthrotic Activity,Canine Anterior Cruciate Ligament (ACL) Transection Model,,Vogel_2008,,,,,,
,MUSCULO-SKELETAL SYSTEM,Anti-Arthrotic Activity,Chymopapain Induced Cartilage Degeneration in the Rabbit,,Hock_2016,,,,,,
,MUSCULO-SKELETAL SYSTEM,Anti-Arthrotic Activity,General Osteoarthritis Models,osteoarthr,phenotype,Note the difference between rheumatoid arthritis (an autoimmune disease) and osteoarthritis (degenerative wear of joints),OSTEOARTHRITIS,,,,
,MUSCULO-SKELETAL SYSTEM,Anti-Arthrotic Activity,Spontaneous Osteoarthritis OA Model in STR/1N Mice,spontaneous\Wosteoarthritis,Hock_2016,,OSTEOARTHRITIS,,,,
,MUSCULO-SKELETAL SYSTEM,Anti-Arthrotic Activity,Transgenic Mice as Models of Osteoarthritis,,Hock_2016,,,,,,
,MUSCULO-SKELETAL SYSTEM,Anti-Inflammatory Activity,Cotton Wool Granuloma for Anti-Inflammatory Activity,Granuloma.*Cotton|Cotton.*Granuloma,Vogel_2008,,INFLAMMATION,,,,
,MUSCULO-SKELETAL SYSTEM,Anti-Inflammatory Activity,Croton Oil Ear Edema,Ear\W?O?edema,Vogel_2008,,INFLAMMATION,,,,
,MUSCULO-SKELETAL SYSTEM,Anti-Inflammatory Activity,General Anti-Inflammatory Models,Inflamm|O?edema,phenotype,,INFLAMMATION,,,,
,MUSCULO-SKELETAL SYSTEM,Anti-Inflammatory Activity,General Granuloma Models,Granuloma,phenotype,,INFLAMMATION,,,,
,MUSCULO-SKELETAL SYSTEM,Anti-Inflammatory Activity,Glass Rod Granuloma for Anti-Inflammatory Activity,,Vogel_2008,,,,,,
,MUSCULO-SKELETAL SYSTEM,Anti-Inflammatory Activity,Granuloma Pouch Technique,air\W?pouch,Hock_2016,,INFLAMMATION,CrotonOil|CARRAGEENAN|lipopolysaccharide|zymosan|BRADYKININ,-|CHEMBL2108264|-|-|CHEMBL406291,HYDROCORTISONE ACETATE|INDOMETHACIN,CHEMBL1091|CHEMBL6
,MUSCULO-SKELETAL SYSTEM,Anti-Inflammatory Activity,Oxazolone Induced Ear Edema in Mice,Oxazolone.*Ear|Ear.*Oxazolone,Hock_2016,,INFLAMMATION,Oxazolone,-,HYDROCORTISONE|INDOMETHACIN,CHEMBL389621|CHEMBL6
,MUSCULO-SKELETAL SYSTEM,Anti-Inflammatory Activity,Paw Edema Test,paw.*O?edema|O?edema.*paw|foot.*o?edema|o?edema.*foot|paw\W?volume,Hock_2016,,INFLAMMATION,CARRAGEENAN|FORMALDEHYDE|KAOLIN,CHEMBL2108264|CHEMBL1255|CHEMBL3833410,PHENYLBUTAZONE,CHEMBL101
,MUSCULO-SKELETAL SYSTEM,Anti-Inflammatory Activity,Pleurisy Test for Anti-Inflammatory Activity,pleurisy|pleural.*exudate|exudate.*pleural|pleural.*assay,Hock_2016,,INFLAMMATION,,,,
,MUSCULO-SKELETAL SYSTEM,Anti-Inflammatory Activity,Sponge Implantation Technique for Anti-Inflammatory Activity,Sponge,Vogel_2008,,INFLAMMATION,,,,
,MUSCULO-SKELETAL SYSTEM,Anti-Inflammatory Activity,Ultraviolet Erythema in Guinea Pigs,\Wuv.*eryth|eryth.*\Wuv,Hock_2016,,ERYTHEMA,,,INDOMETHACIN|PHENYLBUTAZONE|ASPIRIN,CHEMBL6|CHEMBL101|CHEMBL25
,MUSCULO-SKELETAL SYSTEM,Anti-Inflammatory Activity,Vascular Permeability for Anti-Inflammatory Activity,Vascular\W?Permeability,Vogel_2008,,INFLAMMATION,,,,
,MUSCULO-SKELETAL SYSTEM,Neuromuscular Blocking Activity,Evaluation of Neuromuscular Blockade in Anesthetized Mice Neuromuscular Blocking Agent,,Vogel_2008,,,,,,
,MUSCULO-SKELETAL SYSTEM,Neuromuscular Blocking Activity,Isolated Phrenic Nerve Diaphragm Preparation of the Rat Neuromuscular Blocking Agent,,Vogel_2008,,,,,,
,NERVOUS SYSTEM,Analgesic Activity,General Analgesic Nociceptic and Allodynic Activity,Algesi|Nocicept|Allodyn,phenotype,,PAIN,,,,
,NERVOUS SYSTEM,Animal Models of Neurological Diseases,3-Nitropropionic Acid Animal Model of Huntingtons Disease,,Vogel_2008,,,,,,
,NERVOUS SYSTEM,Animal Models of Neurological Diseases,Models of Wilsons Disease Copper Metabolism,,Vogel_2008,,,,,,
,NERVOUS SYSTEM,Animal Models of Neurological Diseases,Quinolinic Acid Rat Model of Huntingtons Disease,,Vogel_2008,,,,,,
,NERVOUS SYSTEM,Anti-Depressant Activity,5-Hydroxytryptophan Potentiation,Hydroxytryptophan|\WHTP\W,Vogel_2008,Equivalent assays for rats or mice considered together,DEPRESSIVE DISORDER|MENTAL DISORDERS,,,,
,NERVOUS SYSTEM,Anti-Depressant Activity,Animal Models of Bipolar Disorder,,Vogel_2008,,,,,,
,NERVOUS SYSTEM,Anti-Depressant Activity,Animal Models of Obsessive Compulsive Disorder,Obsessive\W?Compulsive|\Wocd\W,Hock_2016,,OBSESSIVE-COMPULSIVE DISORDER|MENTAL DISORDERS,8-OH-DPAT,CHEMBL56,CLOMIPRAMINE,CHEMBL415
,NERVOUS SYSTEM,Anti-Depressant Activity,Anti-Depressant Like Activity in Differential Reinforcement of Low Rate DRL 72-Second Schedule,,Vogel_2008,,,,,,
,NERVOUS SYSTEM,Anti-Depressant Activity,Apomorphine Induced Hypothermia in Mice,Apomorphine.*Hypothermia|Hypothermia.*Apomorphine,Vogel_2008,,DEPRESSIVE DISORDER|MENTAL DISORDERS,,,,
,NERVOUS SYSTEM,Anti-Depressant Activity,Behavioral Changes After Neonatal Clomipramine Treatment,,Vogel_2008,,,,,,
,NERVOUS SYSTEM,Anti-Depressant Activity,Chronic Stress Model of Depression,,Vogel_2008,,,,,,
,NERVOUS SYSTEM,Anti-Depressant Activity,Compulsive Gnawing in Mice,Gnawing,Vogel_2008,,DEPRESSIVE DISORDER|MENTAL DISORDERS,,,,
,NERVOUS SYSTEM,Anti-Depressant Activity,Despair Swim Test,Despair\W?Swim|forced.*swim,Hock_2016,,DEPRESSIVE DISORDER|MENTAL DISORDERS,,,,
,NERVOUS SYSTEM,Anti-Depressant Activity,General Anti-Depressant Activity,Depressant|Depression|Depressive,phenotype,,DEPRESSIVE DISORDER|MENTAL DISORDERS,,,,
,NERVOUS SYSTEM,Anti-Depressant Activity,General Hypothermia,Hypotherm,phenotype,,"HYPOTHERMIA, INDUCED",,,,
,NERVOUS SYSTEM,Anti-Depressant Activity,Hypermotility in Olfactory Bulbectomized Rats,,Vogel_2008,,,,,,
,NERVOUS SYSTEM,Anti-Depressant Activity,Learned Helplessness in Rats,,Vogel_2008,,,,,,
,NERVOUS SYSTEM,Anti-Depressant Activity,Muricide Behavior in Rats,Muricid,Hock_2016,,DEPRESSIVE DISORDER|MENTAL DISORDERS,,CHEMBL26726|-,"5,7-dihydroxytryptamine|p-chlorophenylalanine",CHEMBL26726|None
,NERVOUS SYSTEM,Anti-Depressant Activity,Novelty Induced Hypophagia Test,,Vogel_2008,,,,,,
,NERVOUS SYSTEM,Anti-Depressant Activity,Potentiation of Norepinephrine Toxicity,,Vogel_2008,,,,,,
,NERVOUS SYSTEM,Anti-Depressant Activity,Reduction of Submissive Behavior,,Vogel_2008,,,,,,
,NERVOUS SYSTEM,Anti-Depressant Activity,Reserpine Induced Hypothermia,Reserpine.*Hypothermia,Vogel_2008,,DEPRESSIVE DISORDER|MENTAL DISORDERS,,,,
,NERVOUS SYSTEM,Anti-Depressant Activity,Serotonin Syndrome in Rats,Serotonin\WSyndrome|serotonin\W?challenge|forepaw\W?treading|\WFPT\W|flat\W?body\W?posture|\WFBP\W|head\W?twitch|lower\W?lip\W?retraction|\WLLR\W,Vogel_2008,"Serotonin receptors include 5-hydroxytryptophan (5-HT), serotonin transporter (SERT), quipazine, mescaline, methergoline, Dimethoxy-4-iodoamphetamine (DOI), N,N-Dimethyltryptamine (DMT or N,N-DMT), cyproheptadine",DEPRESSIVE DISORDER|MENTAL DISORDERS,,,,
,NERVOUS SYSTEM,Anti-Depressant Activity,Sexual Behavior in Male Rats,Sexual\W?Behaviou?r,Vogel_2008,,"SEXUAL DYSFUNCTION, PHYSIOLOGICAL|DEPRESSIVE DISORDER|MENTAL DISORDERS",,,,
,NERVOUS SYSTEM,Anti-Depressant Activity,Tail Suspension Test in Mice,Tail\W?Suspension,Hock_2016,,DEPRESSIVE DISORDER|MENTAL DISORDERS,,,,
,NERVOUS SYSTEM,Anti-Depressant Activity,Tetrabenazine TBZ Antagonism in Mice,Tetrabenazine|TBZ,Vogel_2008,,DEPRESSIVE DISORDER|MENTAL DISORDERS,,,,
,NERVOUS SYSTEM,Anti-Depressant Activity,Tryptamine Seizure Potentiation in Rats,\WTryptamine\W.*Convuls|Convuls.*\WTryptamine\W|\WTryptamine\W.*Seizure|Seizure.*\WTryptamine\W,Vogel_2008,,SEIZURES,,,,
,NERVOUS SYSTEM,Anti-Depressant Activity,Yohimbine Toxicity Enhancement,Yohimbine.*Mortal|Yohimbine.*Lethal|Depress.*Yohimbine|Yohimbine.*Depress|Yohimbine.*Toxic,Vogel_2008,,DEPRESSIVE DISORDER|MENTAL DISORDERS,,,,
,NERVOUS SYSTEM,Anti-Epileptic Activity,3-Nitropropionic Acid Induced Seizures in Mice,,Vogel_2008,,,,,,
,NERVOUS SYSTEM,Anti-Epileptic Activity,4-Aminopyridine Induced Seizures in Mice,,Vogel_2008,,,,,,
,NERVOUS SYSTEM,Anti-Epileptic Activity,Bicuculline Test in Rats,bicuculline,Vogel_2008,,EPILEPSY,,,,
,NERVOUS SYSTEM,Anti-Epileptic Activity,Electroshock in Mice,electro\W?shock|maximal\W?electroshock|\WMES\W|electric\W?shock.*seizure|seizure.*electric/W?shock,Hock_2016,,EPILEPSY,,,DIAZEPAM|PHENYTOIN,CHEMBL12|CHEMBL16
,NERVOUS SYSTEM,Anti-Epileptic Activity,Epilepsy Induced by Focal Lesions,,Vogel_2008,,,,,,
,NERVOUS SYSTEM,Anti-Epileptic Activity,General Anti-Convulsant Activity,Convuls|Seizure|tonic.*clonic|clonic.*tonic,phenotype,,SEIZURES,,,,
,NERVOUS SYSTEM,Anti-Epileptic Activity,General Anti-Epileptic Activity,Epile|Convuls,phenotype,,EPILEPSY|SEIZURES,,,,
,NERVOUS SYSTEM,Anti-Epileptic Activity,"Genetic Animal Models of Epilepsy: Tremor rat (tm/tm), NER rat strain, genetic epileptic WAG/RiJ rat, Genetic Absence Epilepsy Rat (GAERS), epileptic rat mutant, kindling-prone and kindling-resistant rat, Flathead rat (FH), Wakayama epileptic rat (WER), tottering mouse, leaner mutant mouse, quaking mouse, stargazer mutant mouse, lethargic (lh/lh) mouse, audiogenic seizure suceptible mouse, Wistar Audiogenic Rat (WAR), genetically epilepsy-prone rat (GEPR)",WAG|Absence.*Epilep|kindling,Vogel_2008,,EPILEPSY,,,,
,NERVOUS SYSTEM,Anti-Epileptic Activity,Isoniazid Induced Convulsions,Isoniazid.*convuls|convuls.*Isoniazid|Isoniazid.*seizure|seizure.*Isoniazid,Hock_2016,,SEIZURES,ISONIAZID,CHEMBL64,DIAZEPAM,CHEMBL12
,NERVOUS SYSTEM,Anti-Epileptic Activity,Kindled Rat Seizure Model,kindled|kindling,Vogel_2008,,EPILEPSY,,,,
,NERVOUS SYSTEM,Anti-Epileptic Activity,Pentylenetetrazole Metrazol Induced Convulsions,\Wptz\W|pentylene\W?tetrazole,Hock_2016,,ANXIETY|SEIZURES,,,,
,NERVOUS SYSTEM,Anti-Epileptic Activity,Picrotoxin Induced Convulsions,Picrotoxin,Hock_2016,,ANXIETY|SEIZURES,PICROTOXIN,CHEMBL1908342,DIAZEPAM,CHEMBL12
,NERVOUS SYSTEM,Anti-Epileptic Activity,Pilocarpine Model of Epilepsy,pilocarpine.*epilep|epilep.*pilocarpine|pilocarpine.*seizure|seizure.*pilocarpine|convuls.*pilocarpine,Hock_2016,,EPILEPSY,PILOCARPINE|CHLOROLITHIUM,CHEMBL550|CHEMBL69710,DIAZEPAM,CHEMBL12
,NERVOUS SYSTEM,Anti-Epileptic Activity,Posthypoxic Myoclonus in Rats,,Vogel_2008,,,,,,
,NERVOUS SYSTEM,Anti-Epileptic Activity,Rat Kainate Model of Epilepsy,,Vogel_2008,,,,,,
,NERVOUS SYSTEM,Anti-Epileptic Activity,Rat Model of Cortical Dysplasia,,Hock_2016,,MALFORMATIONS OF CORTICAL DEVELOPMENT,METHYLAZOXYMETHANOL(MAM)|KAINIC ACID|VALPROIC ACID,-|CHEMBL275040|CHEMBL109,,
,NERVOUS SYSTEM,Anti-Epileptic Activity,Self-Sustained Status Epilepticus,,Vogel_2008,,,,,,
,NERVOUS SYSTEM,Anti-Epileptic Activity,Strychnine Induced Convulsions,strychnine,Hock_2016,,ANXIETY|SEIZURES,STRYCHNINE,CHEMBL227934,DIAZEPAM,CHEMBL12
,NERVOUS SYSTEM,Anti-Epileptic Activity,Yohimbine Induced Convulsions,Yohimbine.*convuls|convuls.*Yohimbine|Yohimbine.*seizure|seizure.*Yohimbine,Vogel_2008,,SEIZURES,,,,
,NERVOUS SYSTEM,Anti-Parkinsonism Activity,Circling Behavior in Nigrostriatal Lesioned Rats,Circling\W?Behaviou?r,Vogel_2008,,PARKINSON DISEASE,,,,
,NERVOUS SYSTEM,Anti-Parkinsonism Activity,Elevated Body Swing Test ,,Vogel_2008,,,,,,
,NERVOUS SYSTEM,Anti-Parkinsonism Activity,General Anti-Parkinson Activity,Parkin,phenotype,,PARKINSON DISEASE,,,,
,NERVOUS SYSTEM,Anti-Parkinsonism Activity,"N-methyl4phenyl1,2,3,6tetrahydropyridine MPTP Model of Parkinsons Disease",MPTP,Vogel_2008,,PARKINSON DISEASE,,,,
,NERVOUS SYSTEM,Anti-Parkinsonism Activity,Reserpine Antagonism,Reserpine,Hock_2016,,PARKINSON DISEASE,,,,
,NERVOUS SYSTEM,Anti-Parkinsonism Activity,Skilled Paw Reaching in Rats,,Vogel_2008,,,,,,
,NERVOUS SYSTEM,Anti-Parkinsonism Activity,Stepping Test in Rats,,Vogel_2008,,,,,,
,NERVOUS SYSTEM,Anti-Parkinsonism Activity,Tremorine and Oxotremorine Antagonism,Tremorine,Vogel_2008,,PARKINSON DISEASE,,,,
,NERVOUS SYSTEM,Anti-Pyretic Activity,Anti-Pyretic Testing in Rats,pyretic|pyrexia|pyresis,Hock_2016,,FEVER,Brewers Yeast,,AMINOPYRINE|PHENACETIN,CHEMBL288470|CHEMBL16073
,NERVOUS SYSTEM,Central Analgesic Activity,Chemotherapy Induced Pain for Peripheral Neuropathic Pain,Vincristine,Vogel_2008,,PAIN,,,,
,NERVOUS SYSTEM,Central Analgesic Activity,Chronic Nerve Constriction Injury for Neuropathic Pain,Constriction.*Injury|\WCCI\WSpinal\W?Nerve\W?Ligation|\WSNL\W|Chung,Vogel_2008,,PAIN,,,,
,NERVOUS SYSTEM,Central Analgesic Activity,Electrical Stimulation of the Tail for Analgesic Activity,,Vogel_2008,,,,,,
,NERVOUS SYSTEM,Central Analgesic Activity,Formalin Test for Chronic Pain,Formalin,Hock_2016,,PAIN,FORMALDEHYDE,CHEMBL1255,MORPHINE|MEPERIDINE,CHEMBL70|CHEMBL607
,NERVOUS SYSTEM,Central Analgesic Activity,Grid Shock Test,Grid\W?Shock|Jump.*Flinch|Flinch.*Jump,Hock_2016,,PAIN,,,MORPHINE|ASPIRIN,CHEMBL70|CHEMBL25
,NERVOUS SYSTEM,Central Analgesic Activity,Haffners Tail Clip Method,Tail\W?Clip|Haffner|Tail\W?Pinch|Straub,Hock_2016,,PAIN,,,MORPHINE|CODEINE,CHEMBL70|CHEMBL485
,NERVOUS SYSTEM,Central Analgesic Activity,Hot Plate Method,Hot\W?Plate|\WEddy\W,Hock_2016,,PAIN,,,MORPHINE|CODEINE|MEPERIDINE|ANTIPYRINE,CHEMBL70|CHEMBL485|CHEMBL607|CHEMBL277474
,NERVOUS SYSTEM,Central Analgesic Activity,Peripheral Nerve Injury Model for Neuropathic Pain,Nerve\W?Crush,Vogel_2008,,PAIN,,,,
,NERVOUS SYSTEM,Central Analgesic Activity,Radiant Heat Method,tail\W?flick|radiant\W?heat|heat.*tail\W?flick|thermal.*tail\W?flick|D\W?Amour\W?Smith,Hock_2016,,PAIN,,,MORPHINE|CODEINE|MEPERIDINE,CHEMBL70|CHEMBL485|CHEMBL607
,NERVOUS SYSTEM,Central Analgesic Activity,Spared Nerve Injury Model for Persistent Peripheral Neuropathic Pain,Spared\W?Nerve,Vogel_2008,,PAIN,,,,
,NERVOUS SYSTEM,Central Analgesic Activity,Spinal Cord Injury for Chronic Central Neuropathic Pain,Spinal\W?Cord\W?Injury,Vogel_2008,,PAIN,,,,
,NERVOUS SYSTEM,Central Analgesic Activity,Tail Immersion Test,Tail\W?Immersion,Hock_2016,,PAIN,,,MORPHINE|METHADONE|ASPIRIN|PHENYLBUTAZONE|NALORPHINE,CHEMBL70|CHEMBL651|CHEMBL25|CHEMBL101|CHEMBL415284
,NERVOUS SYSTEM,Central Analgesic Activity,Trigeminal Neuropathic Pain Model,,Vogel_2008,,,,,,
,NERVOUS SYSTEM,Effects on Behavior and Muscle Coordination,Chimney Test,Chimney,Hock_2016,,PSYCHOMOTOR PERFORMANCE,,,,
,NERVOUS SYSTEM,Effects on Behavior and Muscle Coordination,Combined Open Field Test,,Vogel_2008,,,,,,
,NERVOUS SYSTEM,Effects on Behavior and Muscle Coordination,EEG Electroencephalography Analysis From Rat Brain by Telemetry,,Vogel_2008,,,,,,
,NERVOUS SYSTEM,Effects on Behavior and Muscle Coordination,General Behavioural Responses,Behaviou?ral,phenotype,,"BEHAVIOR, ANIMAL",,,,
,NERVOUS SYSTEM,Effects on Behavior and Muscle Coordination,Grip Strength,Grip\W?Strength,Hock_2016,,PSYCHOMOTOR PERFORMANCE,,,,
,NERVOUS SYSTEM,Effects on Behavior and Muscle Coordination,Hole-Board Test,Hole\W?Board,Hock_2016,,MOTOR ACTIVITY,,,,
,NERVOUS SYSTEM,Effects on Behavior and Muscle Coordination,Inclined Plane,,Vogel_2008,,,,,,
,NERVOUS SYSTEM,Effects on Behavior and Muscle Coordination,Influence on Polysynaptic Reflexes,,Vogel_2008,,,,,,
,NERVOUS SYSTEM,Effects on Behavior and Muscle Coordination,Masticatory Muscle Reflexes,,Vogel_2008,,,,,,
,NERVOUS SYSTEM,Effects on Behavior and Muscle Coordination,Method of Intermittent Observations,,Vogel_2008,,,,,,
,NERVOUS SYSTEM,Effects on Behavior and Muscle Coordination,Observational Assessment,irwin,Hock_2016,"Also known as the ""Irwin Test"".",PSYCHOMOTOR PERFORMANCE,,,,
,NERVOUS SYSTEM,Effects on Behavior and Muscle Coordination,Open Field Test,Open\W?Field,Hock_2016,,MOTOR ACTIVITY,,,,
,NERVOUS SYSTEM,Effects on Behavior and Muscle Coordination,Rotarod Method,Rot[oa]rod,Hock_2016,,PSYCHOMOTOR PERFORMANCE|ROTAROD PERFORMANCE TEST,,,DIAZEPAM|FLURAZEPAM|CHLORPROMAZINE|HALOPERIDOL,CHEMBL12|CHEMBL968|CHEMBL71|CHEMBL54
,NERVOUS SYSTEM,Effects on Behavior and Muscle Coordination,Treadmill Performance,,Vogel_2008,,,,,,
,NERVOUS SYSTEM,General Anesthetics,Determination of Minimal Alveolar Anesthetic Concentration MAC,,Vogel_2008,,,,,,
,NERVOUS SYSTEM,General Anesthetics,Efficacy and Safety of Inhalation Anesthetics,,Vogel_2008,,,,,,
,NERVOUS SYSTEM,General Anesthetics,Electroencephalograph EEG Threshold Test in Rats,,Vogel_2008,,,,,,
,NERVOUS SYSTEM,General Anesthetics,Screening of Intravenous Anesthetics Righting Reflex,righting\Wreflex.*an[a]?esth|an[a]?esth.*righting\Wreflex,Hock_2016,,ANESTHESIA,,,,
,NERVOUS SYSTEM,General Anesthetics,Screening of Volatile Anesthetics Inhalation,,Vogel_2008,,,,,,
,NERVOUS SYSTEM,Hypnotic Activity,Experimental Insomnia in Rats,insomnia|sleep.*wake|sleep\Wmodel|EEG\WEMG.*model|sleep\Wwake.*electroencephalogram|electroencephalogram\Welectromyogram,Hock_2016,,SLEEP INITIATION AND MAINTENANCE DISORDERS,,,,
,NERVOUS SYSTEM,Hypnotic Activity,General Hypnotic Activity,hypnot,phenotype,,HYPNOSIS,,,,
,NERVOUS SYSTEM,Hypnotic Activity,Potentiation of Hexobarbital Sleeping Time,Hexo\W?barbital|righting\W?reflex.*hypno|hypno.*righting\W?reflex,Hock_2016,The loss of righting reflex is measured as criterion for the duration of hexobarbital-induced sleeping time.,DEPRESSIVE DISORDER|MENTAL DISORDERS|SLEEP INITIATION AND MAINTENANCE DISORDERS,HEXOBARBITAL|THIOPENTAL,CHEMBL7728|CHEMBL441,DIAZEPAM,CHEMBL12
,NERVOUS SYSTEM,Learning and Memory,Active Allothetic Place Avoidance Task Discrimination Learning,,Vogel_2008,,,,,,
,NERVOUS SYSTEM,Learning and Memory,General Active Avoidance Learning,Active\W?Avoidance,phenotype,,MEMORY DISORDERS,,,,
,NERVOUS SYSTEM,Learning and Memory,General Anti-Alzheimer Activity,alzheim,phenotype,,ALZHEIMER DISEASE,,,,
,NERVOUS SYSTEM,Learning and Memory,General Conditioned Avoidance Response,Conditioned\W?Avoidance,phenotype,,MEMORY DISORDERS|AVOIDANCE LEARNING,,,,
,NERVOUS SYSTEM,Learning and Memory,General Electrophysiological Methods,Electrophysiological,phenotype,,MEMORY DISORDERS,,,,
,NERVOUS SYSTEM,Learning and Memory,General Inhibitory (Passive) Avoidance Learning,Passive\W?Avoidance|Inhibitory\W?Avoidance,phenotype,,MEMORY DISORDERS,,,,
,NERVOUS SYSTEM,Learning and Memory,General Learning and Memory Models,Learning|Memory|Amnes,phenotype,,MEMORY DISORDERS,,,,
,NERVOUS SYSTEM,Learning and Memory,Jumping Active Avoidance Learning (One-Way Shuttle Box),,Vogel_2008,,,,,,
,NERVOUS SYSTEM,Learning and Memory,Long Latency Averaged Potentials Electrophysiological Method for Memory-Enhancing drugs,,Vogel_2008,,,,,,
,NERVOUS SYSTEM,Learning and Memory,Memory Deficits After Cerebral Lesions ,,Vogel_2008,,,,,,
,NERVOUS SYSTEM,Learning and Memory,Olfactory Discrimination Learning,Odou?r,Vogel_2008,,MEMORY DISORDERS,,,,
,NERVOUS SYSTEM,Learning and Memory,Runway Active Avoidance Learning,,Vogel_2008,,,,,,
,NERVOUS SYSTEM,Learning and Memory,Scopolamine Induced Amnesia in Mice Inhibitory-Avoidance Learning,Scopolamine.*avoidance|avoidance.*scopolamine|Scopolamine.*Amnesi|Amnesi.*Scopolamine,Vogel_2008,,MEMORY DISORDERS,,,,
,NERVOUS SYSTEM,Learning and Memory,Shuttle Box Active Avoidance Learning (Two-Way Shuttle Box),Shuttle,Vogel_2008,,MEMORY DISORDERS,,,,
,NERVOUS SYSTEM,Learning and Memory,Sodium Nitrite Intoxication NaNO2 Metabolic Influence on Learning and Memory,,Vogel_2008,,,,,,
,NERVOUS SYSTEM,Learning and Memory,Spatial Discrimination Learning Y-Maze or T-Maze,Y\W?Maze|T\W?Maze,Vogel_2008,,MEMORY DISORDERS,,,,
,NERVOUS SYSTEM,Learning and Memory,Spatial Discrimination Learning in the Radial Arm Maze,Arm\W?Radial\W?Maze|Arm\W?Maze,Vogel_2008,,MEMORY DISORDERS,,,,
,NERVOUS SYSTEM,Learning and Memory,Spatial Discrimination Learning in the Water Maze,Water\W?Maze,Vogel_2008,,MEMORY DISORDERS,,,,
,NERVOUS SYSTEM,Learning and Memory,Spatial Habituation Discrimination Learning Open-Field,,Vogel_2008,,,,,,
,NERVOUS SYSTEM,Learning and Memory,Step down Inhibitory Avoidance Learning,Step\W?Down,Vogel_2008,,MEMORY DISORDERS,,,,
,NERVOUS SYSTEM,Learning and Memory,Step through Inhibitory Avoidance Learning,Step\W?Through,Vogel_2008,,MEMORY DISORDERS,,,,
,NERVOUS SYSTEM,Learning and Memory,Two Compartment Test Inhibitory Avoidance Learning,,Vogel_2008,,,,,,
,NERVOUS SYSTEM,Learning and Memory,Up Hill Avoidance Inhibitory-Avoidance Learning,,Vogel_2008,,,,,,
,NERVOUS SYSTEM,Learning and Memory,Visual Discrimination Learning,,Vogel_2008,,,,,,
,NERVOUS SYSTEM,Local Anesthetic Activity,Conduction Anesthesia in the Sciatic Nerve of the Rat,Ana?esthet.*Sciatic\W?Nerve|Sciatic\W?Nerve\W?Block,Vogel_2008,,ANESTHESIA,,,,
,NERVOUS SYSTEM,Local Anesthetic Activity,Conduction Anesthesia on the Mouse Tail Tail-Flick Assay,an[a]?esth.*tail,Hock_2016,,ANESTHESIA,,,,
,NERVOUS SYSTEM,Local Anesthetic Activity,Epidural Anesthesia Using Cannulation of the Thoracic Epidural Space,,Vogel_2008,,,,,,
,NERVOUS SYSTEM,Local Anesthetic Activity,General Models of Local Anesthetic Activity,Local\W?Ana?esthet,phenotype,,ANESTHESIA,,,,
,NERVOUS SYSTEM,Local Anesthetic Activity,Infiltration Anesthesia in Mouse Skin,,Vogel_2008,,,,,,
,NERVOUS SYSTEM,Local Anesthetic Activity,Infraorbital Nerve Block in the Rat Conduction Anesthesia,,Vogel_2008,,,,,,
,NERVOUS SYSTEM,Local Anesthetic Activity,Intrathecal it (Spinal) Anesthesia in Rat,,Vogel_2008,,,,,,
,NERVOUS SYSTEM,NMRI Methods in Psychoneuropharmacology,NMRI Studies of Brain Activation in Rats,,Vogel_2008,,,,,,
,NERVOUS SYSTEM,NMRI Methods in Psychoneuropharmacology,NMRI Study of 3-Nitropropionic Acid Induced Neurodegeneration in Rats,,Vogel_2008,,,,,,
,NERVOUS SYSTEM,NMRI Methods in Psychoneuropharmacology,NMRI Study of Experimental Allergic Encephalomyelitis in Rats,,Hock_2016,,"ENCEPHALOMYELITIS, AUTOIMMUNE, EXPERIMENTAL",,,,
,NERVOUS SYSTEM,Neuroleptic Activity,Amphetamine Group Toxicity,Amphetamine.*Toxic,Hock_2016,,AMPHETAMINE-RELATED DISORDERS|PSYCHOTIC DISORDERS|MENTAL DISORDERS,,,CHLORPROMAZINE|HALOPERIDOL,CHEMBL71|CHEMBL54
,NERVOUS SYSTEM,Neuroleptic Activity,Antagonism Against Dizocilpine (MK-801) Induced Behavior,dizocilpine.*psycho|psycho.*dizocilpine|MK\W?801.*psycho|psycho.*MK\W?801,Hock_2016,,SCHIZOPHRENIA|BIPOLAR DISORDER|DEMENTIA|DEPRESSIVE DISORDER|MENTAL DISORDERS,DIZOCILPINE,CHEMBL284237,,
,NERVOUS SYSTEM,Neuroleptic Activity,Artificial Hibernation in Rats,,Vogel_2008,,,,,,
,NERVOUS SYSTEM,Neuroleptic Activity,Brain Self Stimulation,self\W?stimulation,Hock_2016,The relative potency observed in this test of clinically efficacious drugs parallels their potency in the treatment of schizophrenia,SCHIZOPHRENIA,,,,
,NERVOUS SYSTEM,Neuroleptic Activity,Catalepsy in Rodents ,catalep|\Wring\W.*immobil|immobil.*\Wring\W|paw\Wtest|bar\Wtest,Hock_2016,,SEIZURES,,,HALOPERIDOL,CHEMBL54
,NERVOUS SYSTEM,Neuroleptic Activity,General Psychotic and Neuroleptic Activity,Psychot|Neurolep,phenotype,,PSYCHOTIC DISORDERS,,,,
,NERVOUS SYSTEM,Neuroleptic Activity,In Vivo Voltammetry,,Vogel_2008,,,,,,
,NERVOUS SYSTEM,Neuroleptic Activity,Influence on Behavior of the Cotton Rat,,Vogel_2008,,,,,,
,NERVOUS SYSTEM,Neuroleptic Activity,Inhibition of Amphetamine Stereotypy in Rats,amphetamine.*stereotyp|stereotyp.*amphetamine,Hock_2016,,AMPHETAMINE-RELATED DISORDERS|PSYCHOTIC DISORDERS|MENTAL DISORDERS,,,CHLORPROMAZINE|HALOPERIDOL,CHEMBL71|CHEMBL54
,NERVOUS SYSTEM,Neuroleptic Activity,Inhibition of Apomorphine Climbing in Mice,Apomorphine.*Climbing|Climbing.*Apomorphine,Hock_2016,,SCHIZOPHRENIA|BIPOLAR DISORDER|DEMENTIA|DEPRESSIVE DISORDER|MENTAL DISORDERS,APOMORPHINE,CHEMBL53,,
,NERVOUS SYSTEM,Neuroleptic Activity,Inhibition of Apomorphine Induced Emesis in the Dog,emesis.*apomorphine|apomorphine.*emesis,Hock_2016,,VOMITING,APOMORPHINE,CHEMBL53,CHLORPROMAZINE|HALOPERIDOL,CHEMBL71|CHEMBL54
,NERVOUS SYSTEM,Neuroleptic Activity,Inhibition of Apomorphine Stereotypy in Rats,apomorphine.*stereotyp|stereotyp.*apomorphine,Hock_2016,,SCHIZOPHRENIA|BIPOLAR DISORDER|DEMENTIA|DEPRESSIVE DISORDER|MENTAL DISORDERS,APOMORPHINE,CHEMBL53,CHLORPROMAZINE|HALOPERIDOL,CHEMBL71|CHEMBL54
,NERVOUS SYSTEM,Neuroleptic Activity,Inhibition of Mouse Jumping,dopa.*jump|jump.*dopa,Hock_2016,,SCHIZOPHRENIA|BIPOLAR DISORDER|DEMENTIA|DEPRESSIVE DISORDER|MENTAL DISORDERS,DEXTROAMPHETAMINE|LEVODOPA,CHEMBL612|CHEMBL1009,,
,NERVOUS SYSTEM,Neuroleptic Activity,Latent Inhibition,,Vogel_2008,,,,,,
,NERVOUS SYSTEM,Neuroleptic Activity,Models of Tardive Dyskinesia,,Vogel_2008,,,,,,
,NERVOUS SYSTEM,Neuroleptic Activity,N40 Sensory Gating,Sensory\W?Gat,Vogel_2008,,SCHIZOPHRENIA|PSYCHOTIC DISORDERS|MENTAL DISORDERS,,,,
,NERVOUS SYSTEM,Neuroleptic Activity,Phencyclidine Model of Psychosis,Phencyclidine,Hock_2016,,PSYCHOTIC DISORDERS|SCHIZOPHRENIA|BIPOLAR DISORDER|DEMENTIA|DEPRESSIVE DISORDER|MENTAL DISORDERS,PHENCYCLIDINE,CHEMBL275528,,
,NERVOUS SYSTEM,Neuroleptic Activity,Pole Climb Avoidance in Rats,pole\W?climb,Hock_2016,Assay used to separate neuroleptics fron anxiolytics,ANTIPSYCHOTIC AGENTS,,,,
,NERVOUS SYSTEM,Neuroleptic Activity,Prepulse Inhibition of Startle Response,Prepulse\W?Inhibition,Vogel_2008,,SCHIZOPHRENIA|PSYCHOTIC DISORDERS|MENTAL DISORDERS,,,,
,NERVOUS SYSTEM,Neuroleptic Activity,Purposeless Chewing in Rats,,Vogel_2008,,,,,,
,NERVOUS SYSTEM,Neuroleptic Activity,Single Unit Recording of A9 and A10 Midbrain Dopaminergic Neurons,,Vogel_2008,,,,,,
,NERVOUS SYSTEM,Neuroleptic Activity,Yawning-Penile Erection Syndrome in Rats,apomorphine.*penile\W?erection|penile\W?erection.*apomorphine,Hock_2016,,SCHIZOPHRENIA|BIPOLAR DISORDER|DEMENTIA|DEPRESSIVE DISORDER|MENTAL DISORDERS,APOMORPHINE|PHYSOSTIGMINE,CHEMBL53|CHEMBL94,CHLORPROMAZINE|HALOPERIDOL,CHEMBL71|CHEMBL54
,NERVOUS SYSTEM,Peripheral Analgesic Activity,Antagonism Against Local Effects of Bradykinin for Analgesic Activity,,Vogel_2008,,,,,,
,NERVOUS SYSTEM,Peripheral Analgesic Activity,Mechanical Visceral Pain Model,,Hock_2016,,PAIN,,,INDOMETHACIN|MORPHINE,CHEMBL6|CHEMBL70
,NERVOUS SYSTEM,Peripheral Analgesic Activity,Nerve Growth Factor Antagonism for Analgesic Activity,,Vogel_2008,,,,,,
,NERVOUS SYSTEM,Peripheral Analgesic Activity,Pain in Inflamed Tissue (Randall-Selitto Test) for Analgesic Activity,Randall|paw\W?pressure|inflamed\W?paw|alges.*yeast|yeast*.alges,Hock_2016,,PAIN,"YEAST, DRIED|CARRAGEENAN|Freunds adjuvant|DINOPROSTONE",CHEMBL2108815|CHEMBL2108264|-|CHEMBL548,SODIUM SALICYLATE|AMINOPYRINE|MORPHINE|CODEINE|MEPERIDINE,CHEMBL447868|CHEMBL288470|CHEMBL70|CHEMBL485|CHEMBL607
,NERVOUS SYSTEM,Peripheral Analgesic Activity,Writhing Test for Analgesic Activity,Writhing|phenylquinone|benzoquinone|\WPBQ\W,Hock_2016,,PAIN,-|ACETIC ACID,CHEMBL274117|CHEMBL539,INDOMETHACIN|ASPIRIN|AMINOPYRINE|PHENACETIN,CHEMBL6|CHEMBL25|CHEMBL288470|CHEMBL16073
,NERVOUS SYSTEM,Tests for Anxiolytic Activity,Acoustic Startle Response in Rats,Acoustic\W?Startle,Hock_2016,,"ANXIETY|REFLEX, STARTLE",,,,
,NERVOUS SYSTEM,Tests for Anxiolytic Activity,Anti-Anxiety Test Light-Dark Model,Light\W?Dark|Dark\W?Light,Hock_2016,,ANXIETY,,,DIAZEPAM|PENTOBARBITAL|MEPROBAMATE,CHEMBL12|CHEMBL448|CHEMBL979
,NERVOUS SYSTEM,Tests for Anxiolytic Activity,Anticipatory Anxiety in Mice,,Vogel_2008,,,,,,
,NERVOUS SYSTEM,Tests for Anxiolytic Activity,Anxiety Defense Test Battery in Rats,,Vogel_2008,,,,,,
,NERVOUS SYSTEM,Tests for Anxiolytic Activity,Aversive Brain Stimulation,,Vogel_2008,,,,,,
,NERVOUS SYSTEM,Tests for Anxiolytic Activity,Benzodiazepine Tolerance and Dependence in Rats,,Vogel_2008,,,,,,
,NERVOUS SYSTEM,Tests for Anxiolytic Activity,Conditioned Defensive Burying in Rats,Burying,Vogel_2008,,ANXIETY,,,,
,NERVOUS SYSTEM,Tests for Anxiolytic Activity,Cork Gnawing Test in the Rat,,Vogel_2008,,,,,,
,NERVOUS SYSTEM,Tests for Anxiolytic Activity,Cued and Contextual Fear Conditioning,Fear\W?Condition,Vogel_2008,,ANXIETY,,,,
,NERVOUS SYSTEM,Tests for Anxiolytic Activity,Distress Vocalization in Rat Pups,,Vogel_2008,,,,,,
,NERVOUS SYSTEM,Tests for Anxiolytic Activity,Elevated Plus Maze Test,Elevated\W?Plus|Plus\W?Maze,Hock_2016,,ANXIETY|MEMORY DISORDERS|MAZE LEARNING,,,VALPROIC ACID,CHEMBL109
,NERVOUS SYSTEM,Tests for Anxiolytic Activity,Experimental Anxiety in Mice,,Vogel_2008,,,,,,
,NERVOUS SYSTEM,Tests for Anxiolytic Activity,Foot Shock Induced Aggression,Foot\W?Shock,Hock_2016,,AGGRESSION,,,MEPROBAMATE|PHENOBARBITAL|PERPHENAZINE|METHADONE|ALCOHOL,CHEMBL979|CHEMBL40|CHEMBL567|CHEMBL651|CHEMBL545
,NERVOUS SYSTEM,Tests for Anxiolytic Activity,Foot Shock Induced Freezing Behavior in Rats,,Vogel_2008,,,,,,
,NERVOUS SYSTEM,Tests for Anxiolytic Activity,Four Plate Test in Mice,Four\W?Plate|4\W?Plate,Vogel_2008,,ANXIETY,,,,
,NERVOUS SYSTEM,Tests for Anxiolytic Activity,Geller Conflict Paradigm,Geller|Cook\W?Davidson,Vogel_2008,,ANXIETY,,,,
,NERVOUS SYSTEM,Tests for Anxiolytic Activity,General Anti-Aggressive Activity,Aggress,phenotype,,AGGRESSION,,,,
,NERVOUS SYSTEM,Tests for Anxiolytic Activity,General Anxiolytic Activity,Anxiolytic|Anxiety,phenotype,,ANXIETY,,,,
,NERVOUS SYSTEM,Tests for Anxiolytic Activity,General Conditioned Behavioural Response,Conditioned.*Behaviou?r,phenotype,,ANXIETY,,,,
,NERVOUS SYSTEM,Tests for Anxiolytic Activity,General Locomotor Activity,Locomot,phenotype,,LOCOMOTION,,,,
,NERVOUS SYSTEM,Tests for Anxiolytic Activity,Isolation Induced Aggression,Isolation\W?Induced,Hock_2016,,AGGRESSION,,,LORMETAZEPAM|CLONAZEPAM|HALOPERIDOL|CHLORPROMAZINE|IMIPRAMINE,CHEMBL22097|CHEMBL452|CHEMBL54|CHEMBL71|CHEMBL11
,NERVOUS SYSTEM,Tests for Anxiolytic Activity,Maternal Aggression in Rats,,Vogel_2008,,,,,,
,NERVOUS SYSTEM,Tests for Anxiolytic Activity,Novelty Suppressed Feeding,,Vogel_2008,,,,,,
,NERVOUS SYSTEM,Tests for Anxiolytic Activity,Plasma Catecholamine Levels During and After Stress,,Vogel_2008,,,,,,
,NERVOUS SYSTEM,Tests for Anxiolytic Activity,Plasma Corticosterone Levels Influenced by Psychotropic Drugs,,Vogel_2008,,,,,,
,NERVOUS SYSTEM,Tests for Anxiolytic Activity,Progressive Ratio Procedure,,Vogel_2008,,,,,,
,NERVOUS SYSTEM,Tests for Anxiolytic Activity,Repetitive Transcranial Magnetic Stimulation,,Vogel_2008,,,,,,
,NERVOUS SYSTEM,Tests for Anxiolytic Activity,Resident-Intruder Aggression Test,Resident\W?Intruder,Vogel_2008,,AGGRESSION|DEPRESSIVE DISORDER|MENTAL DISORDERS,,,,
,NERVOUS SYSTEM,Tests for Anxiolytic Activity,Schedule Induced Polydipsia in Rats,Polydips,Hock_2016,,OBSESSIVE-COMPULSIVE DISORDER|MENTAL DISORDERS|POLYDIPSIA,,,,
,NERVOUS SYSTEM,Tests for Anxiolytic Activity,Shock Probe Conflict Procedure,Shock.*Conflict|Conflict.*Shock,Vogel_2008,,ANXIETY,,,,
,NERVOUS SYSTEM,Tests for Anxiolytic Activity,Sidman Avoidance Paradigm,Sidi?man,Vogel_2008,,ANXIETY|DEPRESSIVE DISORDER|MENTAL DISORDERS,,,,
,NERVOUS SYSTEM,Tests for Anxiolytic Activity,Social Interaction in Rats,Social\W?Interaction,Vogel_2008,,ANXIETY|PSYCHOTIC DISORDERS,,,,
,NERVOUS SYSTEM,Tests for Anxiolytic Activity,Staircase Test,,Vogel_2008,,,,,,
,NERVOUS SYSTEM,Tests for Anxiolytic Activity,Taste Aversion Paradigm,,Vogel_2008,,,,,,
,NERVOUS SYSTEM,Tests for Anxiolytic Activity,Ultrasound Induced Defensive Behavior in Rats,,Vogel_2008,,,,,,
,NERVOUS SYSTEM,Tests for Anxiolytic Activity,Unconditioned Conflict Procedure Vogel Test,Vogel,Vogel_2008,,ANXIETY,,,,
,NERVOUS SYSTEM,Tests for Anxiolytic Activity,Water Competition Test,,Vogel_2008,,,,,,
,NERVOUS SYSTEM,Tests for Anxiolytic Activity,Water Maze Test,Water\W?Maze,Hock_2016,,SPATIAL LEARNING|MEMORY DISORDERS|MAZE LEARNING,,,,
,NERVOUS SYSTEM,Tests for Anxiolytic Activity,mCPP trazadone 1-(3-chlorophenyl)piperazine Induced Anxiety in Rats,mCPP|chloro?phenyl\W?piperazine,Vogel_2008,,ANXIETY,,,,
,RESPIRATORY SYSTEM,Effects on Air Ways,Bleomycin Induced Pulmonary Fibrosis,Bleomycin.*Lung,Vogel_2008,,IDIOPATHIC PULMONARY FIBROSIS|LUNG DISEASES,,,,
,RESPIRATORY SYSTEM,Effects on Air Ways,Bronchospasmolytic Activity in Anesthetized Guinea Pigs (Konzett Rossler method),trachea.*contract|contract.*trachea|konzett|broncho\W?constrict,Hock_2016,Airway tightening (e.g. bronchoconstriction) in mammals other than Guinea Pigs also considered by this annotation.,BRONCHIAL SPASM|ASTHMA,ACETYLCHOLINE|METHACHOLINE|HISTAMINE|BRADYKININ|ovalbumin peptide|Platelet activating factor|LEUKOTRIEN C4|LEUKOTRIENE D4|SUBSTANCE P,CHEMBL667|CHEMBL978|CHEMBL90|CHEMBL406291|CHEMBL525439|-|CHEMBL495936|CHEMBL288943|CHEMBL235363,ATROPINE|THEOPHYLLINE|TOLPROPAMINE|IMIPRAMINE,CHEMBL517712|CHEMBL190|CHEMBL2107261|CHEMBL11
,RESPIRATORY SYSTEM,Effects on Air Ways,Effect of Arachidonic Acid or PAF on Respiratory Function In Vivo,paf.*broncho|broncho.*paf|arachid.*broncho|broncho.*arachid,Hock_2016,,ASTHMA,ARACHIDONIC ACID|platelet-activating factor,CHEMBL15594|-,DAZOXIBEN|ASPIRIN,CHEMBL267473|CHEMBL25
,RESPIRATORY SYSTEM,Effects on Air Ways,Emphysema Models,,Vogel_2008,,,,,,
,RESPIRATORY SYSTEM,Effects on Air Ways,General Airway Models,Air\W?Way|broncho,phenotype,,ASTHMA,,,,
,RESPIRATORY SYSTEM,Effects on Air Ways,Isolated Larynx In Situ,,Vogel_2008,,,,,,
,RESPIRATORY SYSTEM,Effects on Air Ways,Models of Chronic Obstructive Pulmonary Disease COPD,Chronic\W?Obstructive\W?Pulmonary\W?Disease|COPD,Vogel_2008,,"PULMONARY DISEASE, CHRONIC OBSTRUCTIVE|LUNG DISEASES",,,,
,RESPIRATORY SYSTEM,Effects on Air Ways,Prevention of Allergic Asthma Reaction,Allergic\W?Asthma,Vogel_2008,,ASTHMA|HYPERSENSITIVITY,,,,
,RESPIRATORY SYSTEM,Effects on Tracheal Cells and Bronchial Mucus Secretion and Transport,Acute Studies of Mucus Secretion,Epith.*Mucus,Vogel_2008,,,,,,
,SENSORY ORGANS,Intraocular Pressure,Allergic Conjunctivitis Eye Inflammation,,Vogel_2008,,,,,,
,SENSORY ORGANS,Intraocular Pressure,Alpha-Chymotrypsin Induced Glaucoma,,Vogel_2008,,,,,,
,SENSORY ORGANS,Intraocular Pressure,Aqueous Humor Flow Rate,,Vogel_2008,,,,,,
,SENSORY ORGANS,Intraocular Pressure,Autoimmune Uveitis in Rats,,Vogel_2008,,,,,,
,SENSORY ORGANS,Intraocular Pressure,Diabetic Cataract Formation in Sprague Dawley Rats by Streptozocin,,Vogel_2008,,,,,,
,SENSORY ORGANS,Intraocular Pressure,Episcleral Venous Occlusion Induced Glaucoma in Rats,,Vogel_2008,,,,,,
,SENSORY ORGANS,Intraocular Pressure,Measurement of Intraocular Pressure,intra\W?ocular|\WIOP\W,Hock_2016,Intraocular pressure is used to screen for glaucoma.,INTRAOCULAR PRESSURE,,,,
,SENSORY ORGANS,Intraocular Pressure,N-Methyl-N-Nitrosourea (MNU) Cataract Induction in Sprague-Dawley Rats,,Vogel_2008,,,,,,
,"SYSTEMIC HORMONAL PREPARATIONS, EXCL. SEX HORMONES AND INSULINS",Adrenal Steroid Hormones,Adrenal and Thymus Involution,,Vogel_2008,,,,,,
,"SYSTEMIC HORMONAL PREPARATIONS, EXCL. SEX HORMONES AND INSULINS",Adrenal Steroid Hormones,Adrenalectomy in Rats,Adrenalect,Vogel_2008,,,,,,
,"SYSTEMIC HORMONAL PREPARATIONS, EXCL. SEX HORMONES AND INSULINS",Adrenal Steroid Hormones,Breaking Strength of Bones Effects by Corticosteroids,osteo.*corti|corti.*osteo,Vogel_2008,,OSTEOPOROSIS,,,,
,"SYSTEMIC HORMONAL PREPARATIONS, EXCL. SEX HORMONES AND INSULINS",Adrenal Steroid Hormones,"Effect of Chronic Treatment on Thymus, Spleen, Adrenal, and Body Weight by Corticoid Hormone",,Vogel_2008,,,,,,
,"SYSTEMIC HORMONAL PREPARATIONS, EXCL. SEX HORMONES AND INSULINS",Adrenal Steroid Hormones,Effect on Epidermal DNA Synthesis by Topical Effects of Glucocorticosteroids on Skin,,Vogel_2008,,,,,,
,"SYSTEMIC HORMONAL PREPARATIONS, EXCL. SEX HORMONES AND INSULINS",Adrenal Steroid Hormones,Electrolyte Excretion to assess Corticosteroids,corti.*electrolyte|corti.*sodium|mineralocorti,Vogel_2008,Combined assays for mineralcorticosteroids and anti-mineralocorticoid activity,,,,,
,"SYSTEMIC HORMONAL PREPARATIONS, EXCL. SEX HORMONES AND INSULINS",Adrenal Steroid Hormones,Eosinopenia in Adrenalectomized Mice,,Vogel_2008,,,,,,
,"SYSTEMIC HORMONAL PREPARATIONS, EXCL. SEX HORMONES AND INSULINS",Adrenal Steroid Hormones,Increased Blood Glucose in Rats Hyperglycemia Induced by Corticoid Hormone,,Vogel_2008,,,,,,
,"SYSTEMIC HORMONAL PREPARATIONS, EXCL. SEX HORMONES AND INSULINS",Adrenal Steroid Hormones,Induction of Drug-Metabolizing Enzymes by Topical Effects of Glucocorticosteroids on Skin,,Vogel_2008,,,,,,
,"SYSTEMIC HORMONAL PREPARATIONS, EXCL. SEX HORMONES AND INSULINS",Adrenal Steroid Hormones,Liver Glycogen Depostion Test in Rats,Liver.*Glycogen|Glycogen.*liver,Vogel_2008,,ADRENAL GLAND DISEASES,,,,
,"SYSTEMIC HORMONAL PREPARATIONS, EXCL. SEX HORMONES AND INSULINS",Adrenal Steroid Hormones,Skin Atrophy After Chronic Corticoid Application,,Vogel_2008,,,,,,
,"SYSTEMIC HORMONAL PREPARATIONS, EXCL. SEX HORMONES AND INSULINS",Adrenal Steroid Hormones,Skin Thickness and Tensile Strength by Topical Effects of Glucocorticosteroids on Skin,,Vogel_2008,,,,,,
,"SYSTEMIC HORMONAL PREPARATIONS, EXCL. SEX HORMONES AND INSULINS",Adrenal Steroid Hormones,Tensile Strength of Femoral Epiphyseal Cartilage in Rats by Corticosteroids,,Vogel_2008,,,,,,
,"SYSTEMIC HORMONAL PREPARATIONS, EXCL. SEX HORMONES AND INSULINS",Adrenal Steroid Hormones,Tensile Strength of Skin Strips in Rats by Corticosteroids,,Vogel_2008,,,,,,
,"SYSTEMIC HORMONAL PREPARATIONS, EXCL. SEX HORMONES AND INSULINS",Adrenal Steroid Hormones,Tensile Strength of Tail Tendons in Rats by Corticosteroids,,Vogel_2008,,,,,,
,"SYSTEMIC HORMONAL PREPARATIONS, EXCL. SEX HORMONES AND INSULINS",Anterior Pituitary Hormones,Adrenal Ascorbic Acid Depletion by Adrenocorticotropin (ACTH),,Vogel_2008,,,,,,
,"SYSTEMIC HORMONAL PREPARATIONS, EXCL. SEX HORMONES AND INSULINS",Anterior Pituitary Hormones,Ascorbic Acid Depletion of Ovaries in PMSG / hCG-Primed Rats by Luteinizing Hormone (LH) or Interstitial Cell Stimulating Hormone (ICSH),,Vogel_2008,,,,,,
,"SYSTEMIC HORMONAL PREPARATIONS, EXCL. SEX HORMONES AND INSULINS",Anterior Pituitary Hormones,Biological Assay of PMSG (Pregnant Mares Serum Gonadotropin) in Immature Female Rats,PMSG,Vogel_2008,,,,,,
,"SYSTEMIC HORMONAL PREPARATIONS, EXCL. SEX HORMONES AND INSULINS",Anterior Pituitary Hormones,Biological Assay of hCG (Human Chorionic Gonadotropin) in Immature Male Rats,,Vogel_2008,,,,,,
,"SYSTEMIC HORMONAL PREPARATIONS, EXCL. SEX HORMONES AND INSULINS",Anterior Pituitary Hormones,Biological Assay of hMG in Immature Rats (Human Menopausal Gonadotropin),,Vogel_2008,,,,,,
,"SYSTEMIC HORMONAL PREPARATIONS, EXCL. SEX HORMONES AND INSULINS",Anterior Pituitary Hormones,Corpus Luteum Formation in Immature Mice (Aschheim-Zondek Test) for Pituitary Gonadotropins,,Vogel_2008,,,,,,
,"SYSTEMIC HORMONAL PREPARATIONS, EXCL. SEX HORMONES AND INSULINS",Anterior Pituitary Hormones,Corticosterone Blood Levels in Dexamethasone-Blocked Rats by Adrenocorticotropin (ACTH),\WACTH\W,Vogel_2008,,,,,,
,"SYSTEMIC HORMONAL PREPARATIONS, EXCL. SEX HORMONES AND INSULINS",Anterior Pituitary Hormones,General Growth Hormone Activity,Growth.*Hormone,phenotype,,GROWTH HORMONE,,,,
,"SYSTEMIC HORMONAL PREPARATIONS, EXCL. SEX HORMONES AND INSULINS",Anterior Pituitary Hormones,General Luteinizing Hormone (LH) or Interstitial Cell Stimulating Hormone (ICSH) Activity,Lutein,phenotype,,LUTEINIZING HORMONE,,,,
,"SYSTEMIC HORMONAL PREPARATIONS, EXCL. SEX HORMONES AND INSULINS",Anterior Pituitary Hormones,Inhibition of Fertility by Steroids that Inhibit Pituitary gonadotropin secretion or compete at the progesterone receptor ,,Vogel_2008,,,,,,
,"SYSTEMIC HORMONAL PREPARATIONS, EXCL. SEX HORMONES AND INSULINS",Anterior Pituitary Hormones,Inhibition of Gonadotropin Secretion,,Vogel_2008,,,,,,
,"SYSTEMIC HORMONAL PREPARATIONS, EXCL. SEX HORMONES AND INSULINS",Anterior Pituitary Hormones,Inhibition of Ovulation and Luteinization for Gonadotropin Inhibition,,Vogel_2008,,,,,,
,"SYSTEMIC HORMONAL PREPARATIONS, EXCL. SEX HORMONES AND INSULINS",Anterior Pituitary Hormones,Iodine Uptake for Thyroid Activation ,,Vogel_2008,,,,,,
,"SYSTEMIC HORMONAL PREPARATIONS, EXCL. SEX HORMONES AND INSULINS",Anterior Pituitary Hormones,Ovarian Weight in hCG-Primed Rats (Human Chorionic Gonadotropin) by Follicle-Stimulating Hormone (FSH),Follicle|\WFSH\W,Vogel_2008,,,,,,
,"SYSTEMIC HORMONAL PREPARATIONS, EXCL. SEX HORMONES AND INSULINS",Anterior Pituitary Hormones,Ovary-Spleen Transplantation for Gonadal Steroids,,Vogel_2008,,,,,,
,"SYSTEMIC HORMONAL PREPARATIONS, EXCL. SEX HORMONES AND INSULINS",Anterior Pituitary Hormones,Prostate Weight in Hypophysectomized Rats by Luteinizing Hormone (LH) or Interstitial Cell Stimulating Hormone (ICSH),,Vogel_2008,,,,,,
,"SYSTEMIC HORMONAL PREPARATIONS, EXCL. SEX HORMONES AND INSULINS",Anterior Pituitary Hormones,Superovulation in Immature Rats by Luteinizing Hormone (LH) or Interstitial Cell Stimulating Hormone (ICSH),,Vogel_2008,,,,,,
,"SYSTEMIC HORMONAL PREPARATIONS, EXCL. SEX HORMONES AND INSULINS",Anterior Pituitary Hormones,Thymus Involution by Corticotropin,,Vogel_2008,,,,,,
,"SYSTEMIC HORMONAL PREPARATIONS, EXCL. SEX HORMONES AND INSULINS",Anterior Pituitary Hormones,Tibia Test in Hypophysectomized Rats due to Growth Hormone Deficiency,,Vogel_2008,,,,,,
,"SYSTEMIC HORMONAL PREPARATIONS, EXCL. SEX HORMONES AND INSULINS",Anterior Pituitary Hormones,Weight Gain in Female Rats (Growth Plateau Rats) by Growth Hormone (GH),,Vogel_2008,,,,,,
,"SYSTEMIC HORMONAL PREPARATIONS, EXCL. SEX HORMONES AND INSULINS",Anterior Pituitary Hormones,[35]S Sulphate Uptake into cartilage by Growth Hormone,,Vogel_2008,,,,,,
,"SYSTEMIC HORMONAL PREPARATIONS, EXCL. SEX HORMONES AND INSULINS",Effects on Different Peptide Hormones,Inhibition of Uterine Motility,Uter.*Motilit,Vogel_2008,,,,,,
,"SYSTEMIC HORMONAL PREPARATIONS, EXCL. SEX HORMONES AND INSULINS",Effects on Different Peptide Hormones,Melatonin Effect on Circadian Rhythm,,Vogel_2008,,,,,,
,"SYSTEMIC HORMONAL PREPARATIONS, EXCL. SEX HORMONES AND INSULINS",Effects on Different Peptide Hormones,Melatonin Effect on Neophobia in Mice,,Vogel_2008,,,,,,
,"SYSTEMIC HORMONAL PREPARATIONS, EXCL. SEX HORMONES AND INSULINS",Effects on Different Peptide Hormones,Relaxin Bioassay in Mice,,Vogel_2008,,,,,,
,"SYSTEMIC HORMONAL PREPARATIONS, EXCL. SEX HORMONES AND INSULINS",Endocrine Safety Pharmacology,Endocrine Survey,pituitary.*gonadal|pituitary\W?weight|adrenal\W?weight|thymus\W?weight|testes\W?weight|seminal\W?vesicl|prostrate\W?weight|levator\W?ani.*weight|weight.*levator\W?ani|uter.*weight|weight.*uter,Vogel_2008,,,,,,
,"SYSTEMIC HORMONAL PREPARATIONS, EXCL. SEX HORMONES AND INSULINS",Hypothalamic Hormones,Anti-Ovulatory Activity in Rats by LH-RH (Luteinizing Hormone Releasing Hormone) Antagonists,anti\W?ovulatory|AOA,Hock_2016,,,,,,
,"SYSTEMIC HORMONAL PREPARATIONS, EXCL. SEX HORMONES AND INSULINS",Hypothalamic Hormones,Anti-Tumor Effect of LH-RH (Luteinizing Hormone Releasing Hormone) Antagonists,,Vogel_2008,,,,,,
,"SYSTEMIC HORMONAL PREPARATIONS, EXCL. SEX HORMONES AND INSULINS",Hypothalamic Hormones,Collection of Hypophyseal Portal Blood in Rats,,Vogel_2008,,,,,,
,"SYSTEMIC HORMONAL PREPARATIONS, EXCL. SEX HORMONES AND INSULINS",Hypothalamic Hormones,Effect of Repeated Administration of LH-RH (Luteinizing Hormone Releasing Hormone) Antagonists in Rats,,Vogel_2008,,,,,,
,"SYSTEMIC HORMONAL PREPARATIONS, EXCL. SEX HORMONES AND INSULINS",Hypothalamic Hormones,Growth Hormone-Releasing Hormone (GH-RH) Bioassay by Growth Hormone Release in Rats,GH\W?RH|growth\W?hormone.*releas,Vogel_2008,,,,,,
,"SYSTEMIC HORMONAL PREPARATIONS, EXCL. SEX HORMONES AND INSULINS",Hypothalamic Hormones,In Vivo Bioassay of CRH (Corticotropin-Releasing Hormone) Activity,Corticotropin,Vogel_2008,,,,,,
,"SYSTEMIC HORMONAL PREPARATIONS, EXCL. SEX HORMONES AND INSULINS",Hypothalamic Hormones,Induction of Superovulation in Immature Rats ,,Vogel_2008,,,,,,
,"SYSTEMIC HORMONAL PREPARATIONS, EXCL. SEX HORMONES AND INSULINS",Hypothalamic Hormones,Inhibition of Experimentally Induced Endometriosis,,Vogel_2008,,,,,,
,"SYSTEMIC HORMONAL PREPARATIONS, EXCL. SEX HORMONES AND INSULINS",Hypothalamic Hormones,LH (Luteinizing Hormone) Release in the Ovariectomized Estrogen Progesterone Blocked Rat,o?estrogen.*\WLH\W|lutein.*o?estrogen,Vogel_2008,,,,,,
,"SYSTEMIC HORMONAL PREPARATIONS, EXCL. SEX HORMONES AND INSULINS",Hypothalamic Hormones,Measurement of Ascorbic Acid Depletion in Ovaries of Pseudopregnant Rats,,Vogel_2008,,,,,,
,"SYSTEMIC HORMONAL PREPARATIONS, EXCL. SEX HORMONES AND INSULINS",Hypothalamic Hormones,Progesterone Production in Pseudopregnant Rats,,Vogel_2008,,,,,,
,"SYSTEMIC HORMONAL PREPARATIONS, EXCL. SEX HORMONES AND INSULINS",Hypothalamic Hormones,Release of [131]I from Thyroid Glands of Mice for Thyrotropin-Releasing Hormone (TRH),,Vogel_2008,,,,,,
,"SYSTEMIC HORMONAL PREPARATIONS, EXCL. SEX HORMONES AND INSULINS",Hypothalamic Hormones,TSH and Prolactin Release by Thyrotropin-Releasing Hormone (TRH) in Rats,,Vogel_2008,,,,,,
,"SYSTEMIC HORMONAL PREPARATIONS, EXCL. SEX HORMONES AND INSULINS",Hypothalamic Hormones,Testosterone Suppression in Rats by LH-RH (Luteinizing Hormone Releasing Hormone) Antagonists,LH\W?RH.*testosterone,Vogel_2008,,,,,,
,"SYSTEMIC HORMONAL PREPARATIONS, EXCL. SEX HORMONES AND INSULINS",Parathyroid Hormone,"Bone Anabolic Activity in Ovariectomized, Osteopenic Rats",bone.*ovariectom|ovariectom.*bone|anabolic.*bone,Vogel_2008,,,,,,
,"SYSTEMIC HORMONAL PREPARATIONS, EXCL. SEX HORMONES AND INSULINS",Parathyroid Hormone,Parathyroid Hormone (PTH) Assay by Serum Calcium Increase,\WPTH\W|para\W?thyroid,Vogel_2008,,PARATHYROID DISEASES,,,,
,"SYSTEMIC HORMONAL PREPARATIONS, EXCL. SEX HORMONES AND INSULINS",Parathyroid Hormone,Serum Phosphate Decrease After PTH,\WPTH\W.*phos|para\W?thyroid.*phos,Vogel_2008,,,,,,
,"SYSTEMIC HORMONAL PREPARATIONS, EXCL. SEX HORMONES AND INSULINS",Posterior Pituitary Hormones,Anti-Diuretic Activity in the Conscious Rat,Anti\W?diuretic.*water\W?load|\WBurn\W,Vogel_2008,,,,,,
,"SYSTEMIC HORMONAL PREPARATIONS, EXCL. SEX HORMONES AND INSULINS",Posterior Pituitary Hormones,Anti-Diuretic Activity in the Rat in Ethanol Anesthesia,Anti\W?diuretic.*ethanol,Vogel_2008,,,,,,
,"SYSTEMIC HORMONAL PREPARATIONS, EXCL. SEX HORMONES AND INSULINS",Posterior Pituitary Hormones,Milk Ejection in the Lactating Rabbit or Rat for Oxytocin,lactating,Vogel_2008,,,,,,
,"SYSTEMIC HORMONAL PREPARATIONS, EXCL. SEX HORMONES AND INSULINS",Posterior Pituitary Hormones,Oxytocin Receptor Determination,uterin.*contract|contract.*uterin,Hock_2016,Hock_2016 describes an in vitro assay; but the description appears to also be relevant to in vivo assays,UTERINE CONTRACTION,OXYTOCIN,CHEMBL395429,,
,"SYSTEMIC HORMONAL PREPARATIONS, EXCL. SEX HORMONES AND INSULINS",Posterior Pituitary Hormones,Vasopressor Activity,Vasopress,Vogel_2008,,,,,,
,"SYSTEMIC HORMONAL PREPARATIONS, EXCL. SEX HORMONES AND INSULINS",Thyroid Hormones,Anti-Goitrogenic Activity,Goit,Vogel_2008,,THYROID DISEASES,,,,
,"SYSTEMIC HORMONAL PREPARATIONS, EXCL. SEX HORMONES AND INSULINS",Thyroid Hormones,Decrease of Serum Calcium in Rats by Calcitonin,plasma\W?calcium|serum\W?calcium,Vogel_2008,,THYROID DISEASES|HYPERCALCEMIA,,,,
,"SYSTEMIC HORMONAL PREPARATIONS, EXCL. SEX HORMONES AND INSULINS",Thyroid Hormones,Inhibition of Iodine Release for Thyroid Hormones,,Vogel_2008,,,,,,
,"SYSTEMIC HORMONAL PREPARATIONS, EXCL. SEX HORMONES AND INSULINS",Thyroid Hormones,Inhibition of Iodine Uptake in Rats,,Vogel_2008,,,,,,
,"SYSTEMIC HORMONAL PREPARATIONS, EXCL. SEX HORMONES AND INSULINS",Thyroid Hormones,Oxygen Consumption for Thyroid Hormones,,Vogel_2008,,,,,,
,"SYSTEMIC HORMONAL PREPARATIONS, EXCL. SEX HORMONES AND INSULINS",Thyroid Hormones,"Tensile Strength of Connective Tissue in Rats, Modified for Thyroid Hormones",,Vogel_2008,,,,,,
